Insert into CI_SA_TYPE (CIS_DIVISION,SA_TYPE_CD,BILL_PERIOD_CD,LPC_CALC_ALG_CD,GL_DIVISION,ALLOW_SP_SW,DST_ID,PAY_SEG_TYPE_CD,ADJ_TYPE_NSF,SVC_TYPE_CD,BILL_SEG_TYPE_CD,REV_CL_CD,DEBT_CL_CD,RT_REQ_SW,NO_PRO_REF_FLG,ALLOW_EST_SW,DO_NOT_OVERPAY_SW,PAY_PRIORITY_FLG,BILLING_MIN_DAYS,ALLOW_BILLING_SW,PREM_REQ_SW,ONE_TIME_CH_SW,START_OPT_REQ_SW,LATE_PAY_CHARGE_SW,DISP_ALERT_SW,BILL_PRT_PRIO_FLG,GRAPH_UOM_CD,USE_CALENDAR_FLG,ANNIV_FREQ_CD,SPECIAL_ROLE_FLG,VERSION,ADJ_TYPE_SPEC_ROLE,ADJ_TYPE_PA0,CIAC_RFND_BATCH_CD,ADJ_TYPE_SYNCH,REQ_AMT_BILL_FLG,ALLOW_RCR_CHG_FLG,RCR_CHG_FREQ_CD,DFLT_HIGH_BILL_AMT,SUB_SA_SW,DEP_CL_CD,ELIG_BUDGET_SW,WO_DEBT_CL_CD,CIAC_SW,DEL_PAY_PRIO_FLG,BI_PROC_SEQ,LOAN_DIST_ID,OVRD_INT_FLG,INT_BF_CD,INIT_ST_DT_OPT_FLG,SA_RENEWAL_FLG,DAYS_BEFORE_EXP,NB_ELIG_FLG,NB_MONITOR_FLG,RATE_SRCE_FLG,SRC,PRODUCT_CATEGORY_FLG,PRODUCT_TYPE,PRODUCT_CD,COVERAGE_TYPE,SUB_LOB) values ('00001','WROF    ','        ','            ','WP   ','N','WROF      ','        ','        ','BK','        ','WP-AR   ','WP  ','N','E   ','N','N','  ',0,'N','N','N','N','N','N','  ','    ','  ','        ','  ',4,'        ','        ','        ','        ','N','N','        ',0,'N','        ','N','WPDB','N','  ',0,'          ','    ','        ','A1  ','NALW',0,'INEL','    ','    ','                                                  ','    ','                                                            ','                                                            ','                                                            ','                                                            ');
Insert into CI_SA_TYPE (CIS_DIVISION,SA_TYPE_CD,BILL_PERIOD_CD,LPC_CALC_ALG_CD,GL_DIVISION,ALLOW_SP_SW,DST_ID,PAY_SEG_TYPE_CD,ADJ_TYPE_NSF,SVC_TYPE_CD,BILL_SEG_TYPE_CD,REV_CL_CD,DEBT_CL_CD,RT_REQ_SW,NO_PRO_REF_FLG,ALLOW_EST_SW,DO_NOT_OVERPAY_SW,PAY_PRIORITY_FLG,BILLING_MIN_DAYS,ALLOW_BILLING_SW,PREM_REQ_SW,ONE_TIME_CH_SW,START_OPT_REQ_SW,LATE_PAY_CHARGE_SW,DISP_ALERT_SW,BILL_PRT_PRIO_FLG,GRAPH_UOM_CD,USE_CALENDAR_FLG,ANNIV_FREQ_CD,SPECIAL_ROLE_FLG,VERSION,ADJ_TYPE_SPEC_ROLE,ADJ_TYPE_PA0,CIAC_RFND_BATCH_CD,ADJ_TYPE_SYNCH,REQ_AMT_BILL_FLG,ALLOW_RCR_CHG_FLG,RCR_CHG_FREQ_CD,DFLT_HIGH_BILL_AMT,SUB_SA_SW,DEP_CL_CD,ELIG_BUDGET_SW,WO_DEBT_CL_CD,CIAC_SW,DEL_PAY_PRIO_FLG,BI_PROC_SEQ,LOAN_DIST_ID,OVRD_INT_FLG,INT_BF_CD,INIT_ST_DT_OPT_FLG,SA_RENEWAL_FLG,DAYS_BEFORE_EXP,NB_ELIG_FLG,NB_MONITOR_FLG,RATE_SRCE_FLG,SRC,PRODUCT_CATEGORY_FLG,PRODUCT_TYPE,PRODUCT_CD,COVERAGE_TYPE,SUB_LOB) values ('00001','DRES    ','        ','            ','WP   ','N','M-RESERVE ','        ','        ','BK','        ','WP-AR   ','WP  ','N','E   ','N','N','  ',0,'N','N','N','N','N','N','  ','    ','  ','        ','  ',2,'        ','        ','        ','        ','N','N','        ',0,'N','        ','N','WPDB','N','  ',0,'          ','    ','        ','A1  ','NALW',0,'INEL','    ','    ','                                                  ','    ','                                                            ','                                                            ','                                                            ','                                                            ');
Insert into CI_SA_TYPE (CIS_DIVISION,SA_TYPE_CD,BILL_PERIOD_CD,LPC_CALC_ALG_CD,GL_DIVISION,ALLOW_SP_SW,DST_ID,PAY_SEG_TYPE_CD,ADJ_TYPE_NSF,SVC_TYPE_CD,BILL_SEG_TYPE_CD,REV_CL_CD,DEBT_CL_CD,RT_REQ_SW,NO_PRO_REF_FLG,ALLOW_EST_SW,DO_NOT_OVERPAY_SW,PAY_PRIORITY_FLG,BILLING_MIN_DAYS,ALLOW_BILLING_SW,PREM_REQ_SW,ONE_TIME_CH_SW,START_OPT_REQ_SW,LATE_PAY_CHARGE_SW,DISP_ALERT_SW,BILL_PRT_PRIO_FLG,GRAPH_UOM_CD,USE_CALENDAR_FLG,ANNIV_FREQ_CD,SPECIAL_ROLE_FLG,VERSION,ADJ_TYPE_SPEC_ROLE,ADJ_TYPE_PA0,CIAC_RFND_BATCH_CD,ADJ_TYPE_SYNCH,REQ_AMT_BILL_FLG,ALLOW_RCR_CHG_FLG,RCR_CHG_FREQ_CD,DFLT_HIGH_BILL_AMT,SUB_SA_SW,DEP_CL_CD,ELIG_BUDGET_SW,WO_DEBT_CL_CD,CIAC_SW,DEL_PAY_PRIO_FLG,BI_PROC_SEQ,LOAN_DIST_ID,OVRD_INT_FLG,INT_BF_CD,INIT_ST_DT_OPT_FLG,SA_RENEWAL_FLG,DAYS_BEFORE_EXP,NB_ELIG_FLG,NB_MONITOR_FLG,RATE_SRCE_FLG,SRC,PRODUCT_CATEGORY_FLG,PRODUCT_TYPE,PRODUCT_CD,COVERAGE_TYPE,SUB_LOB) values ('00001','SRES    ','        ','            ','WP   ','N','M-STATIC  ','        ','        ','BK','        ','WP-AR   ','WP  ','N','E   ','N','N','  ',0,'N','N','N','N','N','N','  ','    ','  ','        ','  ',2,'        ','        ','        ','        ','N','N','        ',0,'N','        ','N','WPDB','N','  ',0,'          ','    ','        ','A1  ','NALW',0,'INEL','    ','    ','                                                  ','    ','                                                            ','                                                            ','                                                            ','                                                            ');
Insert into CI_SA_TYPE (CIS_DIVISION,SA_TYPE_CD,BILL_PERIOD_CD,LPC_CALC_ALG_CD,GL_DIVISION,ALLOW_SP_SW,DST_ID,PAY_SEG_TYPE_CD,ADJ_TYPE_NSF,SVC_TYPE_CD,BILL_SEG_TYPE_CD,REV_CL_CD,DEBT_CL_CD,RT_REQ_SW,NO_PRO_REF_FLG,ALLOW_EST_SW,DO_NOT_OVERPAY_SW,PAY_PRIORITY_FLG,BILLING_MIN_DAYS,ALLOW_BILLING_SW,PREM_REQ_SW,ONE_TIME_CH_SW,START_OPT_REQ_SW,LATE_PAY_CHARGE_SW,DISP_ALERT_SW,BILL_PRT_PRIO_FLG,GRAPH_UOM_CD,USE_CALENDAR_FLG,ANNIV_FREQ_CD,SPECIAL_ROLE_FLG,VERSION,ADJ_TYPE_SPEC_ROLE,ADJ_TYPE_PA0,CIAC_RFND_BATCH_CD,ADJ_TYPE_SYNCH,REQ_AMT_BILL_FLG,ALLOW_RCR_CHG_FLG,RCR_CHG_FREQ_CD,DFLT_HIGH_BILL_AMT,SUB_SA_SW,DEP_CL_CD,ELIG_BUDGET_SW,WO_DEBT_CL_CD,CIAC_SW,DEL_PAY_PRIO_FLG,BI_PROC_SEQ,LOAN_DIST_ID,OVRD_INT_FLG,INT_BF_CD,INIT_ST_DT_OPT_FLG,SA_RENEWAL_FLG,DAYS_BEFORE_EXP,NB_ELIG_FLG,NB_MONITOR_FLG,RATE_SRCE_FLG,SRC,PRODUCT_CATEGORY_FLG,PRODUCT_TYPE,PRODUCT_CD,COVERAGE_TYPE,SUB_LOB) values ('00001','WAF     ','        ','            ','WP   ','N','M-FND-WAF ','        ','        ','BK','        ','WP-AR   ','WP  ','N','E   ','N','N','  ',0,'N','N','N','N','N','N','  ','    ','  ','        ','  ',2,'        ','        ','        ','        ','N','N','        ',0,'N','        ','N','WPDB','N','  ',0,'          ','    ','        ','A1  ','NALW',0,'INEL','    ','    ','                                                  ','    ','                                                            ','                                                            ','                                                            ','                                                            ');
Insert into CI_SA_TYPE (CIS_DIVISION,SA_TYPE_CD,BILL_PERIOD_CD,LPC_CALC_ALG_CD,GL_DIVISION,ALLOW_SP_SW,DST_ID,PAY_SEG_TYPE_CD,ADJ_TYPE_NSF,SVC_TYPE_CD,BILL_SEG_TYPE_CD,REV_CL_CD,DEBT_CL_CD,RT_REQ_SW,NO_PRO_REF_FLG,ALLOW_EST_SW,DO_NOT_OVERPAY_SW,PAY_PRIORITY_FLG,BILLING_MIN_DAYS,ALLOW_BILLING_SW,PREM_REQ_SW,ONE_TIME_CH_SW,START_OPT_REQ_SW,LATE_PAY_CHARGE_SW,DISP_ALERT_SW,BILL_PRT_PRIO_FLG,GRAPH_UOM_CD,USE_CALENDAR_FLG,ANNIV_FREQ_CD,SPECIAL_ROLE_FLG,VERSION,ADJ_TYPE_SPEC_ROLE,ADJ_TYPE_PA0,CIAC_RFND_BATCH_CD,ADJ_TYPE_SYNCH,REQ_AMT_BILL_FLG,ALLOW_RCR_CHG_FLG,RCR_CHG_FREQ_CD,DFLT_HIGH_BILL_AMT,SUB_SA_SW,DEP_CL_CD,ELIG_BUDGET_SW,WO_DEBT_CL_CD,CIAC_SW,DEL_PAY_PRIO_FLG,BI_PROC_SEQ,LOAN_DIST_ID,OVRD_INT_FLG,INT_BF_CD,INIT_ST_DT_OPT_FLG,SA_RENEWAL_FLG,DAYS_BEFORE_EXP,NB_ELIG_FLG,NB_MONITOR_FLG,RATE_SRCE_FLG,SRC,PRODUCT_CATEGORY_FLG,PRODUCT_TYPE,PRODUCT_CD,COVERAGE_TYPE,SUB_LOB) values ('00001','WRCH    ','        ','            ','WP   ','N','WROF      ','        ','        ','BK','        ','WP-AR   ','WP  ','N','E   ','N','N','  ',0,'N','N','N','N','N','N','  ','    ','  ','        ','  ',4,'        ','        ','        ','        ','N','N','        ',0,'N','        ','N','WPDB','N','  ',0,'          ','    ','        ','A1  ','NALW',0,'INEL','    ','    ','                                                  ','    ','                                                            ','                                                            ','                                                            ','                                                            ');
Insert into CI_SA_TYPE (CIS_DIVISION,SA_TYPE_CD,BILL_PERIOD_CD,LPC_CALC_ALG_CD,GL_DIVISION,ALLOW_SP_SW,DST_ID,PAY_SEG_TYPE_CD,ADJ_TYPE_NSF,SVC_TYPE_CD,BILL_SEG_TYPE_CD,REV_CL_CD,DEBT_CL_CD,RT_REQ_SW,NO_PRO_REF_FLG,ALLOW_EST_SW,DO_NOT_OVERPAY_SW,PAY_PRIORITY_FLG,BILLING_MIN_DAYS,ALLOW_BILLING_SW,PREM_REQ_SW,ONE_TIME_CH_SW,START_OPT_REQ_SW,LATE_PAY_CHARGE_SW,DISP_ALERT_SW,BILL_PRT_PRIO_FLG,GRAPH_UOM_CD,USE_CALENDAR_FLG,ANNIV_FREQ_CD,SPECIAL_ROLE_FLG,VERSION,ADJ_TYPE_SPEC_ROLE,ADJ_TYPE_PA0,CIAC_RFND_BATCH_CD,ADJ_TYPE_SYNCH,REQ_AMT_BILL_FLG,ALLOW_RCR_CHG_FLG,RCR_CHG_FREQ_CD,DFLT_HIGH_BILL_AMT,SUB_SA_SW,DEP_CL_CD,ELIG_BUDGET_SW,WO_DEBT_CL_CD,CIAC_SW,DEL_PAY_PRIO_FLG,BI_PROC_SEQ,LOAN_DIST_ID,OVRD_INT_FLG,INT_BF_CD,INIT_ST_DT_OPT_FLG,SA_RENEWAL_FLG,DAYS_BEFORE_EXP,NB_ELIG_FLG,NB_MONITOR_FLG,RATE_SRCE_FLG,SRC,PRODUCT_CATEGORY_FLG,PRODUCT_TYPE,PRODUCT_CD,COVERAGE_TYPE,SUB_LOB) values ('00001','WRCB    ','        ','            ','WP   ','N','WROF      ','        ','        ','BK','        ','WP-AR   ','WP  ','N','E   ','N','N','  ',0,'N','N','N','N','N','N','  ','    ','  ','        ','  ',4,'        ','        ','        ','        ','N','N','        ',0,'N','        ','N','WPDB','N','  ',0,'          ','    ','        ','A1  ','NALW',0,'INEL','    ','    ','                                                  ','    ','                                                            ','                                                            ','                                                            ','                                                            ');
Insert into CI_SA_TYPE (CIS_DIVISION,SA_TYPE_CD,BILL_PERIOD_CD,LPC_CALC_ALG_CD,GL_DIVISION,ALLOW_SP_SW,DST_ID,PAY_SEG_TYPE_CD,ADJ_TYPE_NSF,SVC_TYPE_CD,BILL_SEG_TYPE_CD,REV_CL_CD,DEBT_CL_CD,RT_REQ_SW,NO_PRO_REF_FLG,ALLOW_EST_SW,DO_NOT_OVERPAY_SW,PAY_PRIORITY_FLG,BILLING_MIN_DAYS,ALLOW_BILLING_SW,PREM_REQ_SW,ONE_TIME_CH_SW,START_OPT_REQ_SW,LATE_PAY_CHARGE_SW,DISP_ALERT_SW,BILL_PRT_PRIO_FLG,GRAPH_UOM_CD,USE_CALENDAR_FLG,ANNIV_FREQ_CD,SPECIAL_ROLE_FLG,VERSION,ADJ_TYPE_SPEC_ROLE,ADJ_TYPE_PA0,CIAC_RFND_BATCH_CD,ADJ_TYPE_SYNCH,REQ_AMT_BILL_FLG,ALLOW_RCR_CHG_FLG,RCR_CHG_FREQ_CD,DFLT_HIGH_BILL_AMT,SUB_SA_SW,DEP_CL_CD,ELIG_BUDGET_SW,WO_DEBT_CL_CD,CIAC_SW,DEL_PAY_PRIO_FLG,BI_PROC_SEQ,LOAN_DIST_ID,OVRD_INT_FLG,INT_BF_CD,INIT_ST_DT_OPT_FLG,SA_RENEWAL_FLG,DAYS_BEFORE_EXP,NB_ELIG_FLG,NB_MONITOR_FLG,RATE_SRCE_FLG,SRC,PRODUCT_CATEGORY_FLG,PRODUCT_TYPE,PRODUCT_CD,COVERAGE_TYPE,SUB_LOB) values ('00001','WRFN    ','        ','            ','WP   ','N','WROF      ','        ','        ','BK','        ','WP-AR   ','WP  ','N','E   ','N','N','  ',0,'N','N','N','N','N','N','  ','    ','  ','        ','  ',4,'        ','        ','        ','        ','N','N','        ',0,'N','        ','N','WPDB','N','  ',0,'          ','    ','        ','A1  ','NALW',0,'INEL','    ','    ','                                                  ','    ','                                                            ','                                                            ','                                                            ','                                                            ');
Insert into CI_SA_TYPE (CIS_DIVISION,SA_TYPE_CD,BILL_PERIOD_CD,LPC_CALC_ALG_CD,GL_DIVISION,ALLOW_SP_SW,DST_ID,PAY_SEG_TYPE_CD,ADJ_TYPE_NSF,SVC_TYPE_CD,BILL_SEG_TYPE_CD,REV_CL_CD,DEBT_CL_CD,RT_REQ_SW,NO_PRO_REF_FLG,ALLOW_EST_SW,DO_NOT_OVERPAY_SW,PAY_PRIORITY_FLG,BILLING_MIN_DAYS,ALLOW_BILLING_SW,PREM_REQ_SW,ONE_TIME_CH_SW,START_OPT_REQ_SW,LATE_PAY_CHARGE_SW,DISP_ALERT_SW,BILL_PRT_PRIO_FLG,GRAPH_UOM_CD,USE_CALENDAR_FLG,ANNIV_FREQ_CD,SPECIAL_ROLE_FLG,VERSION,ADJ_TYPE_SPEC_ROLE,ADJ_TYPE_PA0,CIAC_RFND_BATCH_CD,ADJ_TYPE_SYNCH,REQ_AMT_BILL_FLG,ALLOW_RCR_CHG_FLG,RCR_CHG_FREQ_CD,DFLT_HIGH_BILL_AMT,SUB_SA_SW,DEP_CL_CD,ELIG_BUDGET_SW,WO_DEBT_CL_CD,CIAC_SW,DEL_PAY_PRIO_FLG,BI_PROC_SEQ,LOAN_DIST_ID,OVRD_INT_FLG,INT_BF_CD,INIT_ST_DT_OPT_FLG,SA_RENEWAL_FLG,DAYS_BEFORE_EXP,NB_ELIG_FLG,NB_MONITOR_FLG,RATE_SRCE_FLG,SRC,PRODUCT_CATEGORY_FLG,PRODUCT_TYPE,PRODUCT_CD,COVERAGE_TYPE,SUB_LOB) values ('00001','CHBK    ','        ','            ','WP   ','N','M-CHB-DRS ','NORMAL  ','        ','BK','WP001   ','WP-AR   ','WP  ','N','E   ','N','N','10',0,'Y','N','N','N','N','N','10','    ','  ','        ','BC',2,'        ','        ','        ','        ','N','N','        ',0,'N','        ','N','WPDB','N','  ',0,'          ','    ','        ','    ','NALW',0,'INEL','    ','    ','                                                  ','    ','                                                            ','                                                            ','                                                            ','                                                            ');
Insert into CI_SA_TYPE (CIS_DIVISION,SA_TYPE_CD,BILL_PERIOD_CD,LPC_CALC_ALG_CD,GL_DIVISION,ALLOW_SP_SW,DST_ID,PAY_SEG_TYPE_CD,ADJ_TYPE_NSF,SVC_TYPE_CD,BILL_SEG_TYPE_CD,REV_CL_CD,DEBT_CL_CD,RT_REQ_SW,NO_PRO_REF_FLG,ALLOW_EST_SW,DO_NOT_OVERPAY_SW,PAY_PRIORITY_FLG,BILLING_MIN_DAYS,ALLOW_BILLING_SW,PREM_REQ_SW,ONE_TIME_CH_SW,START_OPT_REQ_SW,LATE_PAY_CHARGE_SW,DISP_ALERT_SW,BILL_PRT_PRIO_FLG,GRAPH_UOM_CD,USE_CALENDAR_FLG,ANNIV_FREQ_CD,SPECIAL_ROLE_FLG,VERSION,ADJ_TYPE_SPEC_ROLE,ADJ_TYPE_PA0,CIAC_RFND_BATCH_CD,ADJ_TYPE_SYNCH,REQ_AMT_BILL_FLG,ALLOW_RCR_CHG_FLG,RCR_CHG_FREQ_CD,DFLT_HIGH_BILL_AMT,SUB_SA_SW,DEP_CL_CD,ELIG_BUDGET_SW,WO_DEBT_CL_CD,CIAC_SW,DEL_PAY_PRIO_FLG,BI_PROC_SEQ,LOAN_DIST_ID,OVRD_INT_FLG,INT_BF_CD,INIT_ST_DT_OPT_FLG,SA_RENEWAL_FLG,DAYS_BEFORE_EXP,NB_ELIG_FLG,NB_MONITOR_FLG,RATE_SRCE_FLG,SRC,PRODUCT_CATEGORY_FLG,PRODUCT_TYPE,PRODUCT_CD,COVERAGE_TYPE,SUB_LOB) values ('00001','CHRG    ','        ','            ','WP   ','N','FND-M-DRS ','NORMAL  ','        ','BK','WP001   ','WP-AR   ','WP  ','N','E   ','N','N','10',0,'Y','N','N','N','N','N','10','    ','  ','        ','BC',27,'        ','        ','        ','        ','N','N','        ',0,'N','        ','N','WPDB','N','  ',0,'          ','    ','        ','    ','NALW',0,'INEL','    ','    ','                                                  ','    ','                                                            ','                                                            ','                                                            ','                                                            ');
Insert into CI_SA_TYPE (CIS_DIVISION,SA_TYPE_CD,BILL_PERIOD_CD,LPC_CALC_ALG_CD,GL_DIVISION,ALLOW_SP_SW,DST_ID,PAY_SEG_TYPE_CD,ADJ_TYPE_NSF,SVC_TYPE_CD,BILL_SEG_TYPE_CD,REV_CL_CD,DEBT_CL_CD,RT_REQ_SW,NO_PRO_REF_FLG,ALLOW_EST_SW,DO_NOT_OVERPAY_SW,PAY_PRIORITY_FLG,BILLING_MIN_DAYS,ALLOW_BILLING_SW,PREM_REQ_SW,ONE_TIME_CH_SW,START_OPT_REQ_SW,LATE_PAY_CHARGE_SW,DISP_ALERT_SW,BILL_PRT_PRIO_FLG,GRAPH_UOM_CD,USE_CALENDAR_FLG,ANNIV_FREQ_CD,SPECIAL_ROLE_FLG,VERSION,ADJ_TYPE_SPEC_ROLE,ADJ_TYPE_PA0,CIAC_RFND_BATCH_CD,ADJ_TYPE_SYNCH,REQ_AMT_BILL_FLG,ALLOW_RCR_CHG_FLG,RCR_CHG_FREQ_CD,DFLT_HIGH_BILL_AMT,SUB_SA_SW,DEP_CL_CD,ELIG_BUDGET_SW,WO_DEBT_CL_CD,CIAC_SW,DEL_PAY_PRIO_FLG,BI_PROC_SEQ,LOAN_DIST_ID,OVRD_INT_FLG,INT_BF_CD,INIT_ST_DT_OPT_FLG,SA_RENEWAL_FLG,DAYS_BEFORE_EXP,NB_ELIG_FLG,NB_MONITOR_FLG,RATE_SRCE_FLG,SRC,PRODUCT_CATEGORY_FLG,PRODUCT_TYPE,PRODUCT_CD,COVERAGE_TYPE,SUB_LOB) values ('00001','CRWD    ','        ','            ','WP   ','N','M-CRWD-CRS','NORMAL  ','        ','BK','WP001   ','WP-AR   ','WP  ','N','E   ','N','N','10',0,'Y','N','N','N','N','N','10','    ','  ','        ','BC',1,'        ','        ','        ','        ','N','N','        ',0,'N','        ','N','WPDB','N','  ',0,'          ','    ','        ','    ','NALW',0,'INEL','    ','    ','                                                  ','    ','                                                            ','                                                            ','                                                            ','                                                            ');
Insert into CI_SA_TYPE (CIS_DIVISION,SA_TYPE_CD,BILL_PERIOD_CD,LPC_CALC_ALG_CD,GL_DIVISION,ALLOW_SP_SW,DST_ID,PAY_SEG_TYPE_CD,ADJ_TYPE_NSF,SVC_TYPE_CD,BILL_SEG_TYPE_CD,REV_CL_CD,DEBT_CL_CD,RT_REQ_SW,NO_PRO_REF_FLG,ALLOW_EST_SW,DO_NOT_OVERPAY_SW,PAY_PRIORITY_FLG,BILLING_MIN_DAYS,ALLOW_BILLING_SW,PREM_REQ_SW,ONE_TIME_CH_SW,START_OPT_REQ_SW,LATE_PAY_CHARGE_SW,DISP_ALERT_SW,BILL_PRT_PRIO_FLG,GRAPH_UOM_CD,USE_CALENDAR_FLG,ANNIV_FREQ_CD,SPECIAL_ROLE_FLG,VERSION,ADJ_TYPE_SPEC_ROLE,ADJ_TYPE_PA0,CIAC_RFND_BATCH_CD,ADJ_TYPE_SYNCH,REQ_AMT_BILL_FLG,ALLOW_RCR_CHG_FLG,RCR_CHG_FREQ_CD,DFLT_HIGH_BILL_AMT,SUB_SA_SW,DEP_CL_CD,ELIG_BUDGET_SW,WO_DEBT_CL_CD,CIAC_SW,DEL_PAY_PRIO_FLG,BI_PROC_SEQ,LOAN_DIST_ID,OVRD_INT_FLG,INT_BF_CD,INIT_ST_DT_OPT_FLG,SA_RENEWAL_FLG,DAYS_BEFORE_EXP,NB_ELIG_FLG,NB_MONITOR_FLG,RATE_SRCE_FLG,SRC,PRODUCT_CATEGORY_FLG,PRODUCT_TYPE,PRODUCT_CD,COVERAGE_TYPE,SUB_LOB) values ('00001','FUND    ','        ','            ','WP   ','N','FND-M-CRS ','NORMAL  ','        ','BK','WP001   ','WP-AR   ','WP  ','N','E   ','N','N','10',0,'Y','N','N','N','N','N','10','    ','  ','        ','BC',5,'        ','        ','        ','        ','N','N','        ',0,'N','        ','N','WPDB','N','  ',0,'          ','    ','        ','    ','NALW',0,'INEL','    ','    ','                                                  ','    ','                                                            ','                                                            ','                                                            ','                                                            ');
Insert into CI_SA_TYPE (CIS_DIVISION,SA_TYPE_CD,BILL_PERIOD_CD,LPC_CALC_ALG_CD,GL_DIVISION,ALLOW_SP_SW,DST_ID,PAY_SEG_TYPE_CD,ADJ_TYPE_NSF,SVC_TYPE_CD,BILL_SEG_TYPE_CD,REV_CL_CD,DEBT_CL_CD,RT_REQ_SW,NO_PRO_REF_FLG,ALLOW_EST_SW,DO_NOT_OVERPAY_SW,PAY_PRIORITY_FLG,BILLING_MIN_DAYS,ALLOW_BILLING_SW,PREM_REQ_SW,ONE_TIME_CH_SW,START_OPT_REQ_SW,LATE_PAY_CHARGE_SW,DISP_ALERT_SW,BILL_PRT_PRIO_FLG,GRAPH_UOM_CD,USE_CALENDAR_FLG,ANNIV_FREQ_CD,SPECIAL_ROLE_FLG,VERSION,ADJ_TYPE_SPEC_ROLE,ADJ_TYPE_PA0,CIAC_RFND_BATCH_CD,ADJ_TYPE_SYNCH,REQ_AMT_BILL_FLG,ALLOW_RCR_CHG_FLG,RCR_CHG_FREQ_CD,DFLT_HIGH_BILL_AMT,SUB_SA_SW,DEP_CL_CD,ELIG_BUDGET_SW,WO_DEBT_CL_CD,CIAC_SW,DEL_PAY_PRIO_FLG,BI_PROC_SEQ,LOAN_DIST_ID,OVRD_INT_FLG,INT_BF_CD,INIT_ST_DT_OPT_FLG,SA_RENEWAL_FLG,DAYS_BEFORE_EXP,NB_ELIG_FLG,NB_MONITOR_FLG,RATE_SRCE_FLG,SRC,PRODUCT_CATEGORY_FLG,PRODUCT_TYPE,PRODUCT_CD,COVERAGE_TYPE,SUB_LOB) values ('00001','RECR    ','        ','            ','WP   ','N','FND-M-DRS ','NORMAL  ','        ','BK','WP002   ','WP-AR   ','WP  ','Y','E   ','N','N','10',0,'Y','N','N','N','N','N','10','    ','  ','        ','BC',1,'        ','        ','        ','        ','N','O','M       ',0,'N','        ','N','WPDB','N','  ',0,'          ','    ','        ','    ','NALW',0,'INEL','    ','SA  ','                                                  ','    ','                                                            ','                                                            ','                                                            ','                                                            ');
Insert into CI_SA_TYPE_L (CIS_DIVISION,SA_TYPE_CD,LANGUAGE_CD,DESCR,DFLT_DESCR_ON_BILL,ALERT_TEXT,RCR_CHG_AMT_LABEL,VERSION,TOT_AMT_TOBILL_LBL) values ('00001','CHBK    ','ENG','CHARGEBACKS',' ',' ',' ',2,' ');
Insert into CI_SA_TYPE_L (CIS_DIVISION,SA_TYPE_CD,LANGUAGE_CD,DESCR,DFLT_DESCR_ON_BILL,ALERT_TEXT,RCR_CHG_AMT_LABEL,VERSION,TOT_AMT_TOBILL_LBL) values ('00001','CHRG    ','ENG','CHARGING',' ',' ',' ',27,' ');
Insert into CI_SA_TYPE_L (CIS_DIVISION,SA_TYPE_CD,LANGUAGE_CD,DESCR,DFLT_DESCR_ON_BILL,ALERT_TEXT,RCR_CHG_AMT_LABEL,VERSION,TOT_AMT_TOBILL_LBL) values ('00001','CRWD    ','ENG','CARD REWARDS',' ',' ',' ',1,' ');
Insert into CI_SA_TYPE_L (CIS_DIVISION,SA_TYPE_CD,LANGUAGE_CD,DESCR,DFLT_DESCR_ON_BILL,ALERT_TEXT,RCR_CHG_AMT_LABEL,VERSION,TOT_AMT_TOBILL_LBL) values ('00001','DRES    ','ENG','DYNAMIC RESERVES',' ',' ',' ',2,' ');
Insert into CI_SA_TYPE_L (CIS_DIVISION,SA_TYPE_CD,LANGUAGE_CD,DESCR,DFLT_DESCR_ON_BILL,ALERT_TEXT,RCR_CHG_AMT_LABEL,VERSION,TOT_AMT_TOBILL_LBL) values ('00001','FUND    ','ENG','FUNDING',' ',' ',' ',5,' ');
Insert into CI_SA_TYPE_L (CIS_DIVISION,SA_TYPE_CD,LANGUAGE_CD,DESCR,DFLT_DESCR_ON_BILL,ALERT_TEXT,RCR_CHG_AMT_LABEL,VERSION,TOT_AMT_TOBILL_LBL) values ('00001','RECR    ','ENG','RECURRING CHARGES',' ',' ','Recurring Charges',1,' ');
Insert into CI_SA_TYPE_L (CIS_DIVISION,SA_TYPE_CD,LANGUAGE_CD,DESCR,DFLT_DESCR_ON_BILL,ALERT_TEXT,RCR_CHG_AMT_LABEL,VERSION,TOT_AMT_TOBILL_LBL) values ('00001','SRES    ','ENG','STATIC RESERVE',' ',' ',' ',2,' ');
Insert into CI_SA_TYPE_L (CIS_DIVISION,SA_TYPE_CD,LANGUAGE_CD,DESCR,DFLT_DESCR_ON_BILL,ALERT_TEXT,RCR_CHG_AMT_LABEL,VERSION,TOT_AMT_TOBILL_LBL) values ('00001','WAF     ','ENG','WITHHOLD ALL FUNDS',' ',' ',' ',2,' ');
Insert into CI_SA_TYPE_L (CIS_DIVISION,SA_TYPE_CD,LANGUAGE_CD,DESCR,DFLT_DESCR_ON_BILL,ALERT_TEXT,RCR_CHG_AMT_LABEL,VERSION,TOT_AMT_TOBILL_LBL) values ('00001','WRCB    ','ENG','Write Off - Chargeback',' ',' ',' ',4,' ');
Insert into CI_SA_TYPE_L (CIS_DIVISION,SA_TYPE_CD,LANGUAGE_CD,DESCR,DFLT_DESCR_ON_BILL,ALERT_TEXT,RCR_CHG_AMT_LABEL,VERSION,TOT_AMT_TOBILL_LBL) values ('00001','WRCH    ','ENG','Write Off - Charging',' ',' ',' ',4,' ');
Insert into CI_SA_TYPE_L (CIS_DIVISION,SA_TYPE_CD,LANGUAGE_CD,DESCR,DFLT_DESCR_ON_BILL,ALERT_TEXT,RCR_CHG_AMT_LABEL,VERSION,TOT_AMT_TOBILL_LBL) values ('00001','WRFN    ','ENG','Write Off - Funding',' ',' ',' ',4,' ');
Insert into CI_SA_TYPE_L (CIS_DIVISION,SA_TYPE_CD,LANGUAGE_CD,DESCR,DFLT_DESCR_ON_BILL,ALERT_TEXT,RCR_CHG_AMT_LABEL,VERSION,TOT_AMT_TOBILL_LBL) values ('00001','WROF    ','ENG','Write Off',' ',' ',' ',4,' ');
Insert into CI_CIS_DIVISION (CIS_DIVISION,CALENDAR_CD,VERSION,COMMENTS,BASE_CURRENCY_CD,TIME_ZONE_CD,BILL_RTE_TYPE_CD,PREM_ID,BUS_OBJ_CD,BO_STATUS_CD,BILL_FORMAT_FLG,DIVISION_STATUS_FLG,BO_DATA_AREA,ACCR_CYC_CD,ACCR_ELIG_SW) values ('00001','WORLDPAY',14,' ','GBP','          ','WPDOCUMK','          ','C1_DIV_EXT_BO                 ','            ','D ','20','20','    ','N');
Insert into CI_CIS_DIVISION_L (CIS_DIVISION,LANGUAGE_CD,VERSION,DESCR) values ('00001','ENG',1,'Worldpay (UK) Limited');
Insert into CI_CIS_DIV_CHAR (CIS_DIVISION,CHAR_TYPE_CD,EFFDT,CHAR_VAL,VERSION,ADHOC_CHAR_VAL,CHAR_VAL_FK1,CHAR_VAL_FK2,CHAR_VAL_FK3,CHAR_VAL_FK4,CHAR_VAL_FK5,ENABLED_FLG) values ('00001','BOLE    ',to_date('01-JAN-01 00.00.00','DD-MON-RR HH24.MI.SS'),'PO1100000001    ',1,' ',' ',' ',' ',' ',' ',' ');
Insert into CI_CIS_DIV_CHAR (CIS_DIVISION,CHAR_TYPE_CD,EFFDT,CHAR_VAL,VERSION,ADHOC_CHAR_VAL,CHAR_VAL_FK1,CHAR_VAL_FK2,CHAR_VAL_FK3,CHAR_VAL_FK4,CHAR_VAL_FK5,ENABLED_FLG) values ('00001','C1-GBLPL',to_date('01-JAN-01 00.00.00','DD-MON-RR HH24.MI.SS'),'Y               ',1,' ',' ',' ',' ',' ',' ',' ');
Insert into CI_CIS_DIV_CHAR (CIS_DIVISION,CHAR_TYPE_CD,EFFDT,CHAR_VAL,VERSION,ADHOC_CHAR_VAL,CHAR_VAL_FK1,CHAR_VAL_FK2,CHAR_VAL_FK3,CHAR_VAL_FK4,CHAR_VAL_FK5,ENABLED_FLG) values ('00001','C1-PAORD',to_date('01-JAN-01 00.00.00','DD-MON-RR HH24.MI.SS'),'AGREED_FIRST    ',1,' ',' ',' ',' ',' ',' ',' ');
Insert into CI_CIS_DIV_CHAR (CIS_DIVISION,CHAR_TYPE_CD,EFFDT,CHAR_VAL,VERSION,ADHOC_CHAR_VAL,CHAR_VAL_FK1,CHAR_VAL_FK2,CHAR_VAL_FK3,CHAR_VAL_FK4,CHAR_VAL_FK5,ENABLED_FLG) values ('00001','C1-TFMCR',to_date('01-JAN-01 00.00.00','DD-MON-RR HH24.MI.SS'),'Y               ',1,' ',' ',' ',' ',' ',' ',' ');
Insert into CI_CIS_DIV_CHAR (CIS_DIVISION,CHAR_TYPE_CD,EFFDT,CHAR_VAL,VERSION,ADHOC_CHAR_VAL,CHAR_VAL_FK1,CHAR_VAL_FK2,CHAR_VAL_FK3,CHAR_VAL_FK4,CHAR_VAL_FK5,ENABLED_FLG) values ('00001','CM_CTRY1',to_date('01-JAN-01 00.00.00','DD-MON-RR HH24.MI.SS'),'                ',1,' ','GBR',' ',' ',' ',' ',' ');
Insert into CI_CIS_DIV_CHAR (CIS_DIVISION,CHAR_TYPE_CD,EFFDT,CHAR_VAL,VERSION,ADHOC_CHAR_VAL,CHAR_VAL_FK1,CHAR_VAL_FK2,CHAR_VAL_FK3,CHAR_VAL_FK4,CHAR_VAL_FK5,ENABLED_FLG) values ('00001','CM_CTRY2',to_date('01-JAN-01 00.00.00','DD-MON-RR HH24.MI.SS'),'                ',1,' ','IRL',' ',' ',' ',' ',' ');
Insert into CI_CIS_DIV_CHAR (CIS_DIVISION,CHAR_TYPE_CD,EFFDT,CHAR_VAL,VERSION,ADHOC_CHAR_VAL,CHAR_VAL_FK1,CHAR_VAL_FK2,CHAR_VAL_FK3,CHAR_VAL_FK4,CHAR_VAL_FK5,ENABLED_FLG) values ('00001','INTERC  ',to_date('01-JAN-01 00.00.00','DD-MON-RR HH24.MI.SS'),'Y               ',1,' ',' ',' ',' ',' ',' ',' ');
Insert into CI_CIS_DIV_CHAR (CIS_DIVISION,CHAR_TYPE_CD,EFFDT,CHAR_VAL,VERSION,ADHOC_CHAR_VAL,CHAR_VAL_FK1,CHAR_VAL_FK2,CHAR_VAL_FK3,CHAR_VAL_FK4,CHAR_VAL_FK5,ENABLED_FLG) values ('00001','TAXAGCD ',to_date('01-JAN-01 00.00.00','DD-MON-RR HH24.MI.SS'),'GB991280207     ',2,' ','GBR',' ',' ',' ',' ',' ');
Insert into CI_CIS_DIV_CHAR (CIS_DIVISION,CHAR_TYPE_CD,EFFDT,CHAR_VAL,VERSION,ADHOC_CHAR_VAL,CHAR_VAL_FK1,CHAR_VAL_FK2,CHAR_VAL_FK3,CHAR_VAL_FK4,CHAR_VAL_FK5,ENABLED_FLG) values ('00001','TAXAGCD ',to_date('01-JAN-18 00.00.00','DD-MON-RR HH24.MI.SS'),'IE 9755575T     ',1,' ','IRL',' ',' ',' ',' ',' ');
Insert into CI_PRICEASGN (PRICE_ASGN_ID,OWNER_ID,PA_OWNER_TYPE_FLG,START_DT,END_DT,PRICEITEM_CD,TOU_CD,PRICE_CURRENCY_CD,PRICE_STATUS_FLAG,RS_CD,BUS_OBJ_CD,VERSION,BO_DATA_AREA,PA_TYPE_FLAG,PRINT_IF_ZERO_SW,PA_USAGE_FLG,IGNORE_SW,DO_NOT_AGG_SW,SCHEDULE_CD,TXN_RATING_CRITERIA,ADV_PRC_SW,ELIGIBILITY_SW) values ('0880014737','0880594001','PRTY',to_date('07-OCT-19 00.00.00','DD-MON-RR HH24.MI.SS'),to_date('07-OCT-19 00.00.00','DD-MON-RR HH24.MI.SS'),'AQRCHG                        ','        ','GBP','ACTV','CHGASFRA','                              ',2,' ','RGLR','Y','  ','N','N','DAILY       ','AGTR',' ','N');
Insert into CI_PRICEASGN (PRICE_ASGN_ID,OWNER_ID,PA_OWNER_TYPE_FLG,START_DT,END_DT,PRICEITEM_CD,TOU_CD,PRICE_CURRENCY_CD,PRICE_STATUS_FLAG,RS_CD,BUS_OBJ_CD,VERSION,BO_DATA_AREA,PA_TYPE_FLAG,PRINT_IF_ZERO_SW,PA_USAGE_FLG,IGNORE_SW,DO_NOT_AGG_SW,SCHEDULE_CD,TXN_RATING_CRITERIA,ADV_PRC_SW,ELIGIBILITY_SW) values ('4810010776','4814817925','PRTY',to_date('08-JUL-19 00.00.00','DD-MON-RR HH24.MI.SS'),null,'AQRCHG                        ','        ','GBP','ACTV','CHGASFRA','                              ',2,' ','RGLR','Y','  ','N','N','DAILY       ','AGTR',' ','N');
Insert into CI_PRICEASGN (PRICE_ASGN_ID,OWNER_ID,PA_OWNER_TYPE_FLG,START_DT,END_DT,PRICEITEM_CD,TOU_CD,PRICE_CURRENCY_CD,PRICE_STATUS_FLAG,RS_CD,BUS_OBJ_CD,VERSION,BO_DATA_AREA,PA_TYPE_FLAG,PRINT_IF_ZERO_SW,PA_USAGE_FLG,IGNORE_SW,DO_NOT_AGG_SW,SCHEDULE_CD,TXN_RATING_CRITERIA,ADV_PRC_SW,ELIGIBILITY_SW) values ('6330014744','6334768252','PRTY',to_date('09-OCT-19 00.00.00','DD-MON-RR HH24.MI.SS'),to_date('09-OCT-19 00.00.00','DD-MON-RR HH24.MI.SS'),'AQRCHG                        ','        ','GBP','ACTV','CHGASFRA','                              ',2,' ','RGLR','Y','  ','N','N','DAILY       ','AGTR',' ','N');
Insert into CI_PRICEASGN_PARM (PRICE_ASGN_ID,PRICE_PARM_CD,PRICE_PARM_VAL,OVERRIDE_PRIORITY_NUM,VERSION) values ('4810010776','TTYPE','PURCHASE',4,2);
Insert into CI_PRICEASGN_PARM (PRICE_ASGN_ID,PRICE_PARM_CD,PRICE_PARM_VAL,OVERRIDE_PRIORITY_NUM,VERSION) values ('4810010776','CTYPE','VPVIB',5,2);
Insert into CI_PRICEASGN_PARM (PRICE_ASGN_ID,PRICE_PARM_CD,PRICE_PARM_VAL,OVERRIDE_PRIORITY_NUM,VERSION) values ('0880014737','TTYPE','REFUND',4,2);
Insert into CI_PRICEASGN_PARM (PRICE_ASGN_ID,PRICE_PARM_CD,PRICE_PARM_VAL,OVERRIDE_PRIORITY_NUM,VERSION) values ('0880014737','CTYPE','BC000',5,2);
Insert into CI_PRICEASGN_PARM (PRICE_ASGN_ID,PRICE_PARM_CD,PRICE_PARM_VAL,OVERRIDE_PRIORITY_NUM,VERSION) values ('6330014744','TTYPE','REFUND',4,2);
Insert into CI_PRICEASGN_PARM (PRICE_ASGN_ID,PRICE_PARM_CD,PRICE_PARM_VAL,OVERRIDE_PRIORITY_NUM,VERSION) values ('6330014744','CTYPE','BC000',5,2);
Insert into CM_CHARGE_TYPE_MAP (CHARGE_TYPE_DESCR,AUTH_EVENT,PAYMENT_SCHEME,INTERNAL_AUTH_RESPONSE,CHILD_CHARGE_TYPE,PARENT_CHARGE_TYPE,AUTH_TRANSACTION_TYPE,TTYPE,CTYPE,JTYPE,PTYPE) values ('PTC - Purchase - Visa Debit - magnetic stripe',' ',' ',' ','PPVCDC03','PRCPCH',' ','PURCHASE','VISA DEBIT',' ','001');
Insert into CM_CHARGE_TYPE_MAP (CHARGE_TYPE_DESCR,AUTH_EVENT,PAYMENT_SCHEME,INTERNAL_AUTH_RESPONSE,CHILD_CHARGE_TYPE,PARENT_CHARGE_TYPE,AUTH_TRANSACTION_TYPE,TTYPE,CTYPE,JTYPE,PTYPE) values ('PTC - Purchase - Visa Debit - CNP',' ',' ',' ','PPVCDC05','PRCPCH',' ','PURCHASE','VISA DEBIT',' ','CNP');
Insert into CM_CHARGE_TYPE_MAP (CHARGE_TYPE_DESCR,AUTH_EVENT,PAYMENT_SCHEME,INTERNAL_AUTH_RESPONSE,CHILD_CHARGE_TYPE,PARENT_CHARGE_TYPE,AUTH_TRANSACTION_TYPE,TTYPE,CTYPE,JTYPE,PTYPE) values ('Acquired - Refund - Visa Credit Personal',' ',' ',' ','ARFBC000','AQRCHG',' ','REFUND','BC000',' ',' ');
Insert into CM_CHARGE_TYPE_MAP (CHARGE_TYPE_DESCR,AUTH_EVENT,PAYMENT_SCHEME,INTERNAL_AUTH_RESPONSE,CHILD_CHARGE_TYPE,PARENT_CHARGE_TYPE,AUTH_TRANSACTION_TYPE,TTYPE,CTYPE,JTYPE,PTYPE) values ('PTC - Refund - MasterCard Debit - Intra-regional',' ',' ',' ','PRMCDL03','PRLOCH',' ','REFUND','MASTERCARD DEBIT','INTRA-REGIONAL',' ');
Insert into CI_PRICECOMP (PRICECOMP_ID,PRICE_ASGN_ID,VALUE_AMT,RC_MAP_ID,VERSION,PRICECOMP_DISPLAY_SW,PRICECOMP_SEQNO) values ('4811150001','4810010776',1.08,'1616235001',2,'N',0);
Insert into CI_PRICECOMP (PRICECOMP_ID,PRICE_ASGN_ID,VALUE_AMT,RC_MAP_ID,VERSION,PRICECOMP_DISPLAY_SW,PRICECOMP_SEQNO) values ('4811150002','4810010776',0.008,'5847107326',2,'N',0);
Insert into CI_PRICECOMP (PRICECOMP_ID,PRICE_ASGN_ID,VALUE_AMT,RC_MAP_ID,VERSION,PRICECOMP_DISPLAY_SW,PRICECOMP_SEQNO) values ('4811150003','4810010776',0.008,'0581676765',2,'N',0);
Insert into CI_PRICECOMP (PRICECOMP_ID,PRICE_ASGN_ID,VALUE_AMT,RC_MAP_ID,VERSION,PRICECOMP_DISPLAY_SW,PRICECOMP_SEQNO) values ('4811150004','4810010776',0.008,'2795845547',2,'N',0);
Insert into CI_PRICECOMP (PRICECOMP_ID,PRICE_ASGN_ID,VALUE_AMT,RC_MAP_ID,VERSION,PRICECOMP_DISPLAY_SW,PRICECOMP_SEQNO) values ('6331775015','6330014744',1.3993,'1616235001',2,'N',0);
Insert into CI_PRICECOMP (PRICECOMP_ID,PRICE_ASGN_ID,VALUE_AMT,RC_MAP_ID,VERSION,PRICECOMP_DISPLAY_SW,PRICECOMP_SEQNO) values ('6331775016','6330014744',0.01,'5847107326',2,'N',0);
Insert into CI_PRICECOMP (PRICECOMP_ID,PRICE_ASGN_ID,VALUE_AMT,RC_MAP_ID,VERSION,PRICECOMP_DISPLAY_SW,PRICECOMP_SEQNO) values ('6331775017','6330014744',1.3993,'0581676765',2,'N',0);
Insert into CI_PRICECOMP (PRICECOMP_ID,PRICE_ASGN_ID,VALUE_AMT,RC_MAP_ID,VERSION,PRICECOMP_DISPLAY_SW,PRICECOMP_SEQNO) values ('6331775018','6330014744',0.01,'2795845547',2,'N',0);
Insert into CI_PRICECOMP (PRICECOMP_ID,PRICE_ASGN_ID,VALUE_AMT,RC_MAP_ID,VERSION,PRICECOMP_DISPLAY_SW,PRICECOMP_SEQNO) values ('0881775005','0880014737',1.3993,'1616235001',2,'N',0);
Insert into CI_PRICECOMP (PRICECOMP_ID,PRICE_ASGN_ID,VALUE_AMT,RC_MAP_ID,VERSION,PRICECOMP_DISPLAY_SW,PRICECOMP_SEQNO) values ('0881775006','0880014737',0.01,'5847107326',2,'N',0);
Insert into CI_PRICECOMP (PRICECOMP_ID,PRICE_ASGN_ID,VALUE_AMT,RC_MAP_ID,VERSION,PRICECOMP_DISPLAY_SW,PRICECOMP_SEQNO) values ('0881775007','0880014737',1.3993,'0581676765',2,'N',0);
Insert into CI_PRICECOMP (PRICECOMP_ID,PRICE_ASGN_ID,VALUE_AMT,RC_MAP_ID,VERSION,PRICECOMP_DISPLAY_SW,PRICECOMP_SEQNO) values ('0881775008','0880014737',0.01,'2795845547',2,'N',0);
Insert into CI_CHAR_VAL_L (CHAR_TYPE_CD,CHAR_VAL,LANGUAGE_CD,DESCR,VERSION,OWNER_FLG) values ('SINVOICE','MCDR_INTRA      ','ENG','MasterCard : Debit : Intra-regional : Refund',1,'CM  ');
Insert into CI_CHAR_VAL_L (CHAR_TYPE_CD,CHAR_VAL,LANGUAGE_CD,DESCR,VERSION,OWNER_FLG) values ('CLASS   ','PREMIUM         ','ENG','Premium',1,'CM  ');
Insert into CI_CHAR_VAL_L (CHAR_TYPE_CD,CHAR_VAL,LANGUAGE_CD,DESCR,VERSION,OWNER_FLG) values ('SCLASS  ','LOCALITY        ','ENG','Locality',1,'CM  ');
Insert into CI_CHAR_VAL_L (CHAR_TYPE_CD,CHAR_VAL,LANGUAGE_CD,DESCR,VERSION,OWNER_FLG) values ('TTYPE   ','REFUND          ','ENG','Refunds',1,'CM  ');
Insert into CI_CHAR_VAL (CHAR_TYPE_CD,CHAR_VAL,VERSION,OWNER_FLG) values ('CLASS   ','PREMIUM         ',1,'CM  ');
Insert into CI_CHAR_VAL (CHAR_TYPE_CD,CHAR_VAL,VERSION,OWNER_FLG) values ('SCLASS  ','LOCALITY        ',1,'CM  ');
Insert into CI_CHAR_VAL (CHAR_TYPE_CD,CHAR_VAL,VERSION,OWNER_FLG) values ('SINVOICE','MCDR_INTRA      ',1,'CM  ');
Insert into CI_CHAR_VAL (CHAR_TYPE_CD,CHAR_VAL,VERSION,OWNER_FLG) values ('TTYPE   ','REFUND          ',1,'CM  ');
Insert into CI_RC_MAP (RC_MAP_ID,RS_CD,EFFDT,RC_SEQ,DISPLAY_SEQ,TIERED_FLAG,MAX_TIER,BUS_OBJ_CD,VERSION) values ('3397309087','CHGPPIBL',to_date('01-JAN-01 00.00.00','DD-MON-RR HH24.MI.SS'),60,0,'FLAT',0,'                              ',1);
Insert into CI_RC_MAP (RC_MAP_ID,RS_CD,EFFDT,RC_SEQ,DISPLAY_SEQ,TIERED_FLAG,MAX_TIER,BUS_OBJ_CD,VERSION) values ('8606443130','CHGPPIBL',to_date('01-JAN-01 00.00.00','DD-MON-RR HH24.MI.SS'),10,0,'FLAT',0,'                              ',1);
Insert into CI_RC_CHAR (RS_CD,EFFDT,RC_SEQ,CHAR_TYPE_CD,CHAR_VAL,ADHOC_CHAR_VAL,VERSION) values ('CHGPPIBL',to_date('01-JAN-01 00.00.00','DD-MON-RR HH24.MI.SS'),10,'RATE_TP ','MSC_PC          ',' ',1);
Insert into CI_RC_CHAR (RS_CD,EFFDT,RC_SEQ,CHAR_TYPE_CD,CHAR_VAL,ADHOC_CHAR_VAL,VERSION) values ('CHGPPIBL',to_date('01-JAN-01 00.00.00','DD-MON-RR HH24.MI.SS'),60,'RATE_TP ','MSC_PI          ',' ',1);
Insert into CI_PRICEITEM (PRICEITEM_CD,PI_STATUS_FLG,UOM_CD,PRICE_ITEM_TYPE_FLG,ASGN_GLOBAL_PL_SW,BUNDLE_SW,BUNDLE_TYPE_FLG,BUS_OBJ_CD,VERSION,SA_TYPE_CD,ACCESS_GRP_CD,IGNORE_SW,PRICEITEM_TYPE,BEST_OF_FLG,PRICEITEM_AVAIL_FOR) values ('PRMCDL03                      ','ACTV','0197','    ','Y','N','    ','C1_PRICEITEM_BO               ',1,'CHRG    ','            ','N','FEES                          ',null,'PRBL');
Insert into CI_PRICEITEM_CHAR (PRICEITEM_CD,CHAR_TYPE_CD,EFFDT,ADHOC_CHAR_VAL,CHAR_VAL,CHAR_VAL_FK1,CHAR_VAL_FK2,CHAR_VAL_FK3,CHAR_VAL_FK4,CHAR_VAL_FK5,SRCH_CHAR_VAL,VERSION) values ('PRMCDL03                      ','CLASS   ',to_date('01-JAN-01 00.00.00','DD-MON-RR HH24.MI.SS'),' ','PREMIUM         ',' ',' ',' ',' ',' ',' ',1);
Insert into CI_PRICEITEM_CHAR (PRICEITEM_CD,CHAR_TYPE_CD,EFFDT,ADHOC_CHAR_VAL,CHAR_VAL,CHAR_VAL_FK1,CHAR_VAL_FK2,CHAR_VAL_FK3,CHAR_VAL_FK4,CHAR_VAL_FK5,SRCH_CHAR_VAL,VERSION) values ('PRMCDL03                      ','SCLASS  ',to_date('01-JAN-01 00.00.00','DD-MON-RR HH24.MI.SS'),' ','LOCALITY        ',' ',' ',' ',' ',' ',' ',1);
Insert into CI_PRICEITEM_CHAR (PRICEITEM_CD,CHAR_TYPE_CD,EFFDT,ADHOC_CHAR_VAL,CHAR_VAL,CHAR_VAL_FK1,CHAR_VAL_FK2,CHAR_VAL_FK3,CHAR_VAL_FK4,CHAR_VAL_FK5,SRCH_CHAR_VAL,VERSION) values ('PRMCDL03                      ','SINVOICE',to_date('01-JAN-01 00.00.00','DD-MON-RR HH24.MI.SS'),' ','MCDR_INTRA      ',' ',' ',' ',' ',' ',' ',1);
Insert into CI_PRICEITEM_CHAR (PRICEITEM_CD,CHAR_TYPE_CD,EFFDT,ADHOC_CHAR_VAL,CHAR_VAL,CHAR_VAL_FK1,CHAR_VAL_FK2,CHAR_VAL_FK3,CHAR_VAL_FK4,CHAR_VAL_FK5,SRCH_CHAR_VAL,VERSION) values ('PRMCDL03                      ','TTYPE   ',to_date('01-JAN-01 00.00.00','DD-MON-RR HH24.MI.SS'),' ','REFUND          ',' ',' ',' ',' ',' ',' ',1);
Insert into CI_RC (RS_CD,EFFDT,RC_SEQ,BF_CD,TMAP_REL_TYPE_CD,RC_STEP_ALG_CD,RC_VAL_ALG_CD,RC_TYPE_FLG,SEASONAL_SW,SEASON_START_MMDD,SEASON_END_MMDD,VAL_TYPE_FLG,VAL_SRC_FLG,VAL,VAL_RC_SEQ,STEPPED_SW,STEP_LOW_VAL,STEP_HIGH_VAL,STEP_RC_SEQ,PRORATE_METHOD_FLG,UOM_CD,TOU_CD,SQI_CD,MSR_PEAK_QTY_SW,ITEM_TYPE_CD,PRT_SW,DST_ID,ERR_IF_NO_VAL_SW,STATISTICAL_SW,CALC_ONLY_SW,RESULT_TYPE_FLG,PRT_IF_ZERO_SW,RC_AMT_ALG_CD,INTV_PF_REL_TYP_CD,CRE_BILL_LN_SW,VERSION,RC_AUDIT_ALG,SQ_DRV_SW,RND_TYPE_FLG,RND_PRECISION_LVL,FCPO_RULE_FLG,TOU_MAP_ID,ALLOW_CURR_CONV) values ('CHGASFRA',to_date('01-JAN-01 00.00.00','DD-MON-RR HH24.MI.SS'),10,'        ','            ','            ','CM_RATEVALUE','Q ','N','    ','    ','U ','A ',0,0,'N',0,0,0,'    ','    ','        ','F_M_AMT ','N','        ','N','          ','N','N','Y','U ','N','            ','            ','N',1,'            ','N','RDNR',0.000001,'    ','            ','N');
Insert into CI_RC (RS_CD,EFFDT,RC_SEQ,BF_CD,TMAP_REL_TYPE_CD,RC_STEP_ALG_CD,RC_VAL_ALG_CD,RC_TYPE_FLG,SEASONAL_SW,SEASON_START_MMDD,SEASON_END_MMDD,VAL_TYPE_FLG,VAL_SRC_FLG,VAL,VAL_RC_SEQ,STEPPED_SW,STEP_LOW_VAL,STEP_HIGH_VAL,STEP_RC_SEQ,PRORATE_METHOD_FLG,UOM_CD,TOU_CD,SQI_CD,MSR_PEAK_QTY_SW,ITEM_TYPE_CD,PRT_SW,DST_ID,ERR_IF_NO_VAL_SW,STATISTICAL_SW,CALC_ONLY_SW,RESULT_TYPE_FLG,PRT_IF_ZERO_SW,RC_AMT_ALG_CD,INTV_PF_REL_TYP_CD,CRE_BILL_LN_SW,VERSION,RC_AUDIT_ALG,SQ_DRV_SW,RND_TYPE_FLG,RND_PRECISION_LVL,FCPO_RULE_FLG,TOU_MAP_ID,ALLOW_CURR_CONV) values ('CHGASFRA',to_date('01-JAN-01 00.00.00','DD-MON-RR HH24.MI.SS'),20,'        ','            ','            ','            ','Q ','N','    ','    ','U ','R ',0,10,'N',0,0,0,'    ','    ','        ','F_B_MFX ','N','        ','Y','          ','N','N','Y','U ','Y','            ','            ','Y',1,'            ','N','RDNR',0.000001,'FCRT','            ','N');
Insert into CI_RC (RS_CD,EFFDT,RC_SEQ,BF_CD,TMAP_REL_TYPE_CD,RC_STEP_ALG_CD,RC_VAL_ALG_CD,RC_TYPE_FLG,SEASONAL_SW,SEASON_START_MMDD,SEASON_END_MMDD,VAL_TYPE_FLG,VAL_SRC_FLG,VAL,VAL_RC_SEQ,STEPPED_SW,STEP_LOW_VAL,STEP_HIGH_VAL,STEP_RC_SEQ,PRORATE_METHOD_FLG,UOM_CD,TOU_CD,SQI_CD,MSR_PEAK_QTY_SW,ITEM_TYPE_CD,PRT_SW,DST_ID,ERR_IF_NO_VAL_SW,STATISTICAL_SW,CALC_ONLY_SW,RESULT_TYPE_FLG,PRT_IF_ZERO_SW,RC_AMT_ALG_CD,INTV_PF_REL_TYP_CD,CRE_BILL_LN_SW,VERSION,RC_AUDIT_ALG,SQ_DRV_SW,RND_TYPE_FLG,RND_PRECISION_LVL,FCPO_RULE_FLG,TOU_MAP_ID,ALLOW_CURR_CONV) values ('CHGASFRA',to_date('01-JAN-01 00.00.00','DD-MON-RR HH24.MI.SS'),30,'        ','            ','            ','            ','Q ','N','    ','    ','U ','R ',0,10,'N',0,0,0,'    ','    ','        ','F_B_MFX ','N','        ','N','BASE_CHG  ','N','N','N','C ','N','            ','            ','Y',1,'            ','N','RDNR',0.01,'    ','            ','N');
Insert into CI_RC (RS_CD,EFFDT,RC_SEQ,BF_CD,TMAP_REL_TYPE_CD,RC_STEP_ALG_CD,RC_VAL_ALG_CD,RC_TYPE_FLG,SEASONAL_SW,SEASON_START_MMDD,SEASON_END_MMDD,VAL_TYPE_FLG,VAL_SRC_FLG,VAL,VAL_RC_SEQ,STEPPED_SW,STEP_LOW_VAL,STEP_HIGH_VAL,STEP_RC_SEQ,PRORATE_METHOD_FLG,UOM_CD,TOU_CD,SQI_CD,MSR_PEAK_QTY_SW,ITEM_TYPE_CD,PRT_SW,DST_ID,ERR_IF_NO_VAL_SW,STATISTICAL_SW,CALC_ONLY_SW,RESULT_TYPE_FLG,PRT_IF_ZERO_SW,RC_AMT_ALG_CD,INTV_PF_REL_TYP_CD,CRE_BILL_LN_SW,VERSION,RC_AUDIT_ALG,SQ_DRV_SW,RND_TYPE_FLG,RND_PRECISION_LVL,FCPO_RULE_FLG,TOU_MAP_ID,ALLOW_CURR_CONV) values ('CHGASFRA',to_date('01-JAN-01 00.00.00','DD-MON-RR HH24.MI.SS'),40,'        ','            ','            ','            ','Q ','N','    ','    ','U ','R ',0,10,'N',0,0,0,'    ','    ','        ','F_B_BFX ','N','        ','N','          ','N','N','Y','U ','N','            ','            ','N',1,'            ','N','RDNR',0.000001,'    ','            ','N');
Insert into CI_RC (RS_CD,EFFDT,RC_SEQ,BF_CD,TMAP_REL_TYPE_CD,RC_STEP_ALG_CD,RC_VAL_ALG_CD,RC_TYPE_FLG,SEASONAL_SW,SEASON_START_MMDD,SEASON_END_MMDD,VAL_TYPE_FLG,VAL_SRC_FLG,VAL,VAL_RC_SEQ,STEPPED_SW,STEP_LOW_VAL,STEP_HIGH_VAL,STEP_RC_SEQ,PRORATE_METHOD_FLG,UOM_CD,TOU_CD,SQI_CD,MSR_PEAK_QTY_SW,ITEM_TYPE_CD,PRT_SW,DST_ID,ERR_IF_NO_VAL_SW,STATISTICAL_SW,CALC_ONLY_SW,RESULT_TYPE_FLG,PRT_IF_ZERO_SW,RC_AMT_ALG_CD,INTV_PF_REL_TYP_CD,CRE_BILL_LN_SW,VERSION,RC_AUDIT_ALG,SQ_DRV_SW,RND_TYPE_FLG,RND_PRECISION_LVL,FCPO_RULE_FLG,TOU_MAP_ID,ALLOW_CURR_CONV) values ('CHGASFRA',to_date('01-JAN-01 00.00.00','DD-MON-RR HH24.MI.SS'),45,'        ','            ','            ','            ','Q ','N','    ','    ','U ','R ',0,40,'N',0,0,0,'    ','    ','        ','VALUE_1 ','N','        ','N','          ','N','N','Y','U ','N','            ','            ','N',1,'            ','N','RDNR',0.000001,'    ','            ','N');
Insert into CI_RC (RS_CD,EFFDT,RC_SEQ,BF_CD,TMAP_REL_TYPE_CD,RC_STEP_ALG_CD,RC_VAL_ALG_CD,RC_TYPE_FLG,SEASONAL_SW,SEASON_START_MMDD,SEASON_END_MMDD,VAL_TYPE_FLG,VAL_SRC_FLG,VAL,VAL_RC_SEQ,STEPPED_SW,STEP_LOW_VAL,STEP_HIGH_VAL,STEP_RC_SEQ,PRORATE_METHOD_FLG,UOM_CD,TOU_CD,SQI_CD,MSR_PEAK_QTY_SW,ITEM_TYPE_CD,PRT_SW,DST_ID,ERR_IF_NO_VAL_SW,STATISTICAL_SW,CALC_ONLY_SW,RESULT_TYPE_FLG,PRT_IF_ZERO_SW,RC_AMT_ALG_CD,INTV_PF_REL_TYP_CD,CRE_BILL_LN_SW,VERSION,RC_AUDIT_ALG,SQ_DRV_SW,RND_TYPE_FLG,RND_PRECISION_LVL,FCPO_RULE_FLG,TOU_MAP_ID,ALLOW_CURR_CONV) values ('CHGASFRA',to_date('01-JAN-01 00.00.00','DD-MON-RR HH24.MI.SS'),50,'        ','            ','            ','CMRC_20_45  ','F ','N','    ','    ','C ','A ',0,0,'N',0,0,0,'    ','    ','        ','        ','N','        ','N','          ','N','N','Y','C ','N','            ','            ','Y',1,'            ','N','RDNR',0.000001,'FCRT','            ','N');
Insert into CI_RC (RS_CD,EFFDT,RC_SEQ,BF_CD,TMAP_REL_TYPE_CD,RC_STEP_ALG_CD,RC_VAL_ALG_CD,RC_TYPE_FLG,SEASONAL_SW,SEASON_START_MMDD,SEASON_END_MMDD,VAL_TYPE_FLG,VAL_SRC_FLG,VAL,VAL_RC_SEQ,STEPPED_SW,STEP_LOW_VAL,STEP_HIGH_VAL,STEP_RC_SEQ,PRORATE_METHOD_FLG,UOM_CD,TOU_CD,SQI_CD,MSR_PEAK_QTY_SW,ITEM_TYPE_CD,PRT_SW,DST_ID,ERR_IF_NO_VAL_SW,STATISTICAL_SW,CALC_ONLY_SW,RESULT_TYPE_FLG,PRT_IF_ZERO_SW,RC_AMT_ALG_CD,INTV_PF_REL_TYP_CD,CRE_BILL_LN_SW,VERSION,RC_AUDIT_ALG,SQ_DRV_SW,RND_TYPE_FLG,RND_PRECISION_LVL,FCPO_RULE_FLG,TOU_MAP_ID,ALLOW_CURR_CONV) values ('CHGASFRA',to_date('01-JAN-01 00.00.00','DD-MON-RR HH24.MI.SS'),53,'        ','            ','            ','            ','F ','N','    ','    ','C ','R ',0,50,'N',0,0,0,'    ','    ','        ','        ','N','        ','N','CHG-FX-INC','N','N','N','C ','N','            ','            ','Y',1,'            ','N','RDNR',0.01,'    ','            ','N');
Insert into CI_RC (RS_CD,EFFDT,RC_SEQ,BF_CD,TMAP_REL_TYPE_CD,RC_STEP_ALG_CD,RC_VAL_ALG_CD,RC_TYPE_FLG,SEASONAL_SW,SEASON_START_MMDD,SEASON_END_MMDD,VAL_TYPE_FLG,VAL_SRC_FLG,VAL,VAL_RC_SEQ,STEPPED_SW,STEP_LOW_VAL,STEP_HIGH_VAL,STEP_RC_SEQ,PRORATE_METHOD_FLG,UOM_CD,TOU_CD,SQI_CD,MSR_PEAK_QTY_SW,ITEM_TYPE_CD,PRT_SW,DST_ID,ERR_IF_NO_VAL_SW,STATISTICAL_SW,CALC_ONLY_SW,RESULT_TYPE_FLG,PRT_IF_ZERO_SW,RC_AMT_ALG_CD,INTV_PF_REL_TYP_CD,CRE_BILL_LN_SW,VERSION,RC_AUDIT_ALG,SQ_DRV_SW,RND_TYPE_FLG,RND_PRECISION_LVL,FCPO_RULE_FLG,TOU_MAP_ID,ALLOW_CURR_CONV) values ('CHGASFRA',to_date('01-JAN-01 00.00.00','DD-MON-RR HH24.MI.SS'),55,'        ','            ','            ','RCXVAL_50   ','F ','N','    ','    ','C ','A ',0,0,'N',0,0,0,'    ','    ','        ','        ','N','        ','N','CHG-FX-RES','N','N','N','C ','N','            ','            ','Y',1,'            ','N','RDNR',0.01,'    ','            ','N');
Insert into CI_RC (RS_CD,EFFDT,RC_SEQ,BF_CD,TMAP_REL_TYPE_CD,RC_STEP_ALG_CD,RC_VAL_ALG_CD,RC_TYPE_FLG,SEASONAL_SW,SEASON_START_MMDD,SEASON_END_MMDD,VAL_TYPE_FLG,VAL_SRC_FLG,VAL,VAL_RC_SEQ,STEPPED_SW,STEP_LOW_VAL,STEP_HIGH_VAL,STEP_RC_SEQ,PRORATE_METHOD_FLG,UOM_CD,TOU_CD,SQI_CD,MSR_PEAK_QTY_SW,ITEM_TYPE_CD,PRT_SW,DST_ID,ERR_IF_NO_VAL_SW,STATISTICAL_SW,CALC_ONLY_SW,RESULT_TYPE_FLG,PRT_IF_ZERO_SW,RC_AMT_ALG_CD,INTV_PF_REL_TYP_CD,CRE_BILL_LN_SW,VERSION,RC_AUDIT_ALG,SQ_DRV_SW,RND_TYPE_FLG,RND_PRECISION_LVL,FCPO_RULE_FLG,TOU_MAP_ID,ALLOW_CURR_CONV) values ('CHGASFRA',to_date('01-JAN-01 00.00.00','DD-MON-RR HH24.MI.SS'),60,'        ','            ','            ','CM_RATEVALUE','Q ','N','    ','    ','U ','A ',0,0,'N',0,0,0,'    ','    ','        ','TXN_VOL ','N','        ','N','          ','N','N','Y','U ','N','            ','            ','N',1,'            ','N','RDNR',0.000001,'    ','            ','N');
Insert into CI_RC (RS_CD,EFFDT,RC_SEQ,BF_CD,TMAP_REL_TYPE_CD,RC_STEP_ALG_CD,RC_VAL_ALG_CD,RC_TYPE_FLG,SEASONAL_SW,SEASON_START_MMDD,SEASON_END_MMDD,VAL_TYPE_FLG,VAL_SRC_FLG,VAL,VAL_RC_SEQ,STEPPED_SW,STEP_LOW_VAL,STEP_HIGH_VAL,STEP_RC_SEQ,PRORATE_METHOD_FLG,UOM_CD,TOU_CD,SQI_CD,MSR_PEAK_QTY_SW,ITEM_TYPE_CD,PRT_SW,DST_ID,ERR_IF_NO_VAL_SW,STATISTICAL_SW,CALC_ONLY_SW,RESULT_TYPE_FLG,PRT_IF_ZERO_SW,RC_AMT_ALG_CD,INTV_PF_REL_TYP_CD,CRE_BILL_LN_SW,VERSION,RC_AUDIT_ALG,SQ_DRV_SW,RND_TYPE_FLG,RND_PRECISION_LVL,FCPO_RULE_FLG,TOU_MAP_ID,ALLOW_CURR_CONV) values ('CHGASFRA',to_date('01-JAN-01 00.00.00','DD-MON-RR HH24.MI.SS'),70,'        ','            ','            ','            ','Q ','N','    ','    ','U ','R ',0,60,'N',0,0,0,'    ','    ','        ','AP_B_EFX','N','        ','Y','          ','N','N','Y','U ','Y','            ','            ','Y',3,'            ','N','RDNR',0.000001,'FCRT','            ','N');
Insert into CI_RC (RS_CD,EFFDT,RC_SEQ,BF_CD,TMAP_REL_TYPE_CD,RC_STEP_ALG_CD,RC_VAL_ALG_CD,RC_TYPE_FLG,SEASONAL_SW,SEASON_START_MMDD,SEASON_END_MMDD,VAL_TYPE_FLG,VAL_SRC_FLG,VAL,VAL_RC_SEQ,STEPPED_SW,STEP_LOW_VAL,STEP_HIGH_VAL,STEP_RC_SEQ,PRORATE_METHOD_FLG,UOM_CD,TOU_CD,SQI_CD,MSR_PEAK_QTY_SW,ITEM_TYPE_CD,PRT_SW,DST_ID,ERR_IF_NO_VAL_SW,STATISTICAL_SW,CALC_ONLY_SW,RESULT_TYPE_FLG,PRT_IF_ZERO_SW,RC_AMT_ALG_CD,INTV_PF_REL_TYP_CD,CRE_BILL_LN_SW,VERSION,RC_AUDIT_ALG,SQ_DRV_SW,RND_TYPE_FLG,RND_PRECISION_LVL,FCPO_RULE_FLG,TOU_MAP_ID,ALLOW_CURR_CONV) values ('CHGASFRA',to_date('01-JAN-01 00.00.00','DD-MON-RR HH24.MI.SS'),80,'        ','            ','            ','            ','Q ','N','    ','    ','U ','R ',0,60,'N',0,0,0,'    ','    ','        ','AP_B_EFX','N','        ','N','BASE_CHG  ','N','N','N','C ','N','            ','            ','Y',3,'            ','N','RDNR',0.01,'    ','            ','N');
Insert into CI_RC (RS_CD,EFFDT,RC_SEQ,BF_CD,TMAP_REL_TYPE_CD,RC_STEP_ALG_CD,RC_VAL_ALG_CD,RC_TYPE_FLG,SEASONAL_SW,SEASON_START_MMDD,SEASON_END_MMDD,VAL_TYPE_FLG,VAL_SRC_FLG,VAL,VAL_RC_SEQ,STEPPED_SW,STEP_LOW_VAL,STEP_HIGH_VAL,STEP_RC_SEQ,PRORATE_METHOD_FLG,UOM_CD,TOU_CD,SQI_CD,MSR_PEAK_QTY_SW,ITEM_TYPE_CD,PRT_SW,DST_ID,ERR_IF_NO_VAL_SW,STATISTICAL_SW,CALC_ONLY_SW,RESULT_TYPE_FLG,PRT_IF_ZERO_SW,RC_AMT_ALG_CD,INTV_PF_REL_TYP_CD,CRE_BILL_LN_SW,VERSION,RC_AUDIT_ALG,SQ_DRV_SW,RND_TYPE_FLG,RND_PRECISION_LVL,FCPO_RULE_FLG,TOU_MAP_ID,ALLOW_CURR_CONV) values ('CHGASFRA',to_date('01-JAN-01 00.00.00','DD-MON-RR HH24.MI.SS'),90,'        ','            ','            ','            ','Q ','N','    ','    ','U ','R ',0,60,'N',0,0,0,'    ','    ','        ','AP_B_BFX','N','        ','N','          ','N','N','Y','U ','N','            ','            ','N',3,'            ','N','RDNR',0.000001,'    ','            ','N');
Insert into CI_RC (RS_CD,EFFDT,RC_SEQ,BF_CD,TMAP_REL_TYPE_CD,RC_STEP_ALG_CD,RC_VAL_ALG_CD,RC_TYPE_FLG,SEASONAL_SW,SEASON_START_MMDD,SEASON_END_MMDD,VAL_TYPE_FLG,VAL_SRC_FLG,VAL,VAL_RC_SEQ,STEPPED_SW,STEP_LOW_VAL,STEP_HIGH_VAL,STEP_RC_SEQ,PRORATE_METHOD_FLG,UOM_CD,TOU_CD,SQI_CD,MSR_PEAK_QTY_SW,ITEM_TYPE_CD,PRT_SW,DST_ID,ERR_IF_NO_VAL_SW,STATISTICAL_SW,CALC_ONLY_SW,RESULT_TYPE_FLG,PRT_IF_ZERO_SW,RC_AMT_ALG_CD,INTV_PF_REL_TYP_CD,CRE_BILL_LN_SW,VERSION,RC_AUDIT_ALG,SQ_DRV_SW,RND_TYPE_FLG,RND_PRECISION_LVL,FCPO_RULE_FLG,TOU_MAP_ID,ALLOW_CURR_CONV) values ('CHGASFRA',to_date('01-JAN-01 00.00.00','DD-MON-RR HH24.MI.SS'),95,'        ','            ','            ','            ','Q ','N','    ','    ','U ','R ',0,90,'N',0,0,0,'    ','    ','        ','VALUE_1 ','N','        ','N','          ','N','N','Y','U ','N','            ','            ','N',2,'            ','N','RDNR',0.000001,'    ','            ','N');
Insert into CI_RC (RS_CD,EFFDT,RC_SEQ,BF_CD,TMAP_REL_TYPE_CD,RC_STEP_ALG_CD,RC_VAL_ALG_CD,RC_TYPE_FLG,SEASONAL_SW,SEASON_START_MMDD,SEASON_END_MMDD,VAL_TYPE_FLG,VAL_SRC_FLG,VAL,VAL_RC_SEQ,STEPPED_SW,STEP_LOW_VAL,STEP_HIGH_VAL,STEP_RC_SEQ,PRORATE_METHOD_FLG,UOM_CD,TOU_CD,SQI_CD,MSR_PEAK_QTY_SW,ITEM_TYPE_CD,PRT_SW,DST_ID,ERR_IF_NO_VAL_SW,STATISTICAL_SW,CALC_ONLY_SW,RESULT_TYPE_FLG,PRT_IF_ZERO_SW,RC_AMT_ALG_CD,INTV_PF_REL_TYP_CD,CRE_BILL_LN_SW,VERSION,RC_AUDIT_ALG,SQ_DRV_SW,RND_TYPE_FLG,RND_PRECISION_LVL,FCPO_RULE_FLG,TOU_MAP_ID,ALLOW_CURR_CONV) values ('CHGASFRA',to_date('01-JAN-01 00.00.00','DD-MON-RR HH24.MI.SS'),100,'        ','            ','            ','CMRC_70_95  ','F ','N','    ','    ','C ','A ',0,0,'N',0,0,0,'    ','    ','        ','        ','N','        ','N','          ','N','N','Y','C ','N','            ','            ','Y',3,'            ','N','RDNR',0.000001,'FCRT','            ','N');
Insert into CI_RC (RS_CD,EFFDT,RC_SEQ,BF_CD,TMAP_REL_TYPE_CD,RC_STEP_ALG_CD,RC_VAL_ALG_CD,RC_TYPE_FLG,SEASONAL_SW,SEASON_START_MMDD,SEASON_END_MMDD,VAL_TYPE_FLG,VAL_SRC_FLG,VAL,VAL_RC_SEQ,STEPPED_SW,STEP_LOW_VAL,STEP_HIGH_VAL,STEP_RC_SEQ,PRORATE_METHOD_FLG,UOM_CD,TOU_CD,SQI_CD,MSR_PEAK_QTY_SW,ITEM_TYPE_CD,PRT_SW,DST_ID,ERR_IF_NO_VAL_SW,STATISTICAL_SW,CALC_ONLY_SW,RESULT_TYPE_FLG,PRT_IF_ZERO_SW,RC_AMT_ALG_CD,INTV_PF_REL_TYP_CD,CRE_BILL_LN_SW,VERSION,RC_AUDIT_ALG,SQ_DRV_SW,RND_TYPE_FLG,RND_PRECISION_LVL,FCPO_RULE_FLG,TOU_MAP_ID,ALLOW_CURR_CONV) values ('CHGASFRA',to_date('01-JAN-01 00.00.00','DD-MON-RR HH24.MI.SS'),105,'        ','            ','            ','            ','F ','N','    ','    ','C ','R ',0,100,'N',0,0,0,'    ','    ','        ','        ','N','        ','N','CHG-FX-INC','N','N','N','C ','N','            ','            ','Y',1,'            ','N','RDNR',0.01,'    ','            ','N');
Insert into CI_RC (RS_CD,EFFDT,RC_SEQ,BF_CD,TMAP_REL_TYPE_CD,RC_STEP_ALG_CD,RC_VAL_ALG_CD,RC_TYPE_FLG,SEASONAL_SW,SEASON_START_MMDD,SEASON_END_MMDD,VAL_TYPE_FLG,VAL_SRC_FLG,VAL,VAL_RC_SEQ,STEPPED_SW,STEP_LOW_VAL,STEP_HIGH_VAL,STEP_RC_SEQ,PRORATE_METHOD_FLG,UOM_CD,TOU_CD,SQI_CD,MSR_PEAK_QTY_SW,ITEM_TYPE_CD,PRT_SW,DST_ID,ERR_IF_NO_VAL_SW,STATISTICAL_SW,CALC_ONLY_SW,RESULT_TYPE_FLG,PRT_IF_ZERO_SW,RC_AMT_ALG_CD,INTV_PF_REL_TYP_CD,CRE_BILL_LN_SW,VERSION,RC_AUDIT_ALG,SQ_DRV_SW,RND_TYPE_FLG,RND_PRECISION_LVL,FCPO_RULE_FLG,TOU_MAP_ID,ALLOW_CURR_CONV) values ('CHGASFRA',to_date('01-JAN-01 00.00.00','DD-MON-RR HH24.MI.SS'),110,'        ','            ','            ','RCXVAL_100  ','F ','N','    ','    ','C ','A ',0,0,'N',0,0,0,'    ','    ','        ','        ','N','        ','N','CHG-FX-RES','N','N','N','C ','N','            ','            ','Y',1,'            ','N','RDNR',0.01,'    ','            ','N');
Insert into CI_RC (RS_CD,EFFDT,RC_SEQ,BF_CD,TMAP_REL_TYPE_CD,RC_STEP_ALG_CD,RC_VAL_ALG_CD,RC_TYPE_FLG,SEASONAL_SW,SEASON_START_MMDD,SEASON_END_MMDD,VAL_TYPE_FLG,VAL_SRC_FLG,VAL,VAL_RC_SEQ,STEPPED_SW,STEP_LOW_VAL,STEP_HIGH_VAL,STEP_RC_SEQ,PRORATE_METHOD_FLG,UOM_CD,TOU_CD,SQI_CD,MSR_PEAK_QTY_SW,ITEM_TYPE_CD,PRT_SW,DST_ID,ERR_IF_NO_VAL_SW,STATISTICAL_SW,CALC_ONLY_SW,RESULT_TYPE_FLG,PRT_IF_ZERO_SW,RC_AMT_ALG_CD,INTV_PF_REL_TYP_CD,CRE_BILL_LN_SW,VERSION,RC_AUDIT_ALG,SQ_DRV_SW,RND_TYPE_FLG,RND_PRECISION_LVL,FCPO_RULE_FLG,TOU_MAP_ID,ALLOW_CURR_CONV) values ('CHGASFRA',to_date('01-JAN-01 00.00.00','DD-MON-RR HH24.MI.SS'),120,'        ','            ','            ','CM_RATEVALUE','Q ','N','    ','    ','U ','A ',0,0,'N',0,0,0,'    ','    ','        ','F_M_AMT ','N','        ','N','          ','N','N','Y','U ','N','            ','            ','N',1,'            ','N','RDNR',0.000001,'    ','            ','N');
Insert into CI_RC (RS_CD,EFFDT,RC_SEQ,BF_CD,TMAP_REL_TYPE_CD,RC_STEP_ALG_CD,RC_VAL_ALG_CD,RC_TYPE_FLG,SEASONAL_SW,SEASON_START_MMDD,SEASON_END_MMDD,VAL_TYPE_FLG,VAL_SRC_FLG,VAL,VAL_RC_SEQ,STEPPED_SW,STEP_LOW_VAL,STEP_HIGH_VAL,STEP_RC_SEQ,PRORATE_METHOD_FLG,UOM_CD,TOU_CD,SQI_CD,MSR_PEAK_QTY_SW,ITEM_TYPE_CD,PRT_SW,DST_ID,ERR_IF_NO_VAL_SW,STATISTICAL_SW,CALC_ONLY_SW,RESULT_TYPE_FLG,PRT_IF_ZERO_SW,RC_AMT_ALG_CD,INTV_PF_REL_TYP_CD,CRE_BILL_LN_SW,VERSION,RC_AUDIT_ALG,SQ_DRV_SW,RND_TYPE_FLG,RND_PRECISION_LVL,FCPO_RULE_FLG,TOU_MAP_ID,ALLOW_CURR_CONV) values ('CHGASFRA',to_date('01-JAN-01 00.00.00','DD-MON-RR HH24.MI.SS'),130,'        ','            ','            ','            ','Q ','N','    ','    ','U ','R ',0,120,'N',0,0,0,'    ','    ','        ','F_B_MFX ','N','        ','Y','          ','N','N','Y','U ','Y','            ','            ','Y',1,'            ','N','RDNR',0.000001,'FCRT','            ','N');
Insert into CI_RC (RS_CD,EFFDT,RC_SEQ,BF_CD,TMAP_REL_TYPE_CD,RC_STEP_ALG_CD,RC_VAL_ALG_CD,RC_TYPE_FLG,SEASONAL_SW,SEASON_START_MMDD,SEASON_END_MMDD,VAL_TYPE_FLG,VAL_SRC_FLG,VAL,VAL_RC_SEQ,STEPPED_SW,STEP_LOW_VAL,STEP_HIGH_VAL,STEP_RC_SEQ,PRORATE_METHOD_FLG,UOM_CD,TOU_CD,SQI_CD,MSR_PEAK_QTY_SW,ITEM_TYPE_CD,PRT_SW,DST_ID,ERR_IF_NO_VAL_SW,STATISTICAL_SW,CALC_ONLY_SW,RESULT_TYPE_FLG,PRT_IF_ZERO_SW,RC_AMT_ALG_CD,INTV_PF_REL_TYP_CD,CRE_BILL_LN_SW,VERSION,RC_AUDIT_ALG,SQ_DRV_SW,RND_TYPE_FLG,RND_PRECISION_LVL,FCPO_RULE_FLG,TOU_MAP_ID,ALLOW_CURR_CONV) values ('CHGASFRA',to_date('01-JAN-01 00.00.00','DD-MON-RR HH24.MI.SS'),140,'        ','            ','            ','            ','Q ','N','    ','    ','U ','R ',0,120,'N',0,0,0,'    ','    ','        ','F_B_MFX ','N','        ','N','CSF       ','N','N','N','C ','N','            ','            ','Y',2,'            ','N','RDNR',0.01,'    ','            ','N');
Insert into CI_RC (RS_CD,EFFDT,RC_SEQ,BF_CD,TMAP_REL_TYPE_CD,RC_STEP_ALG_CD,RC_VAL_ALG_CD,RC_TYPE_FLG,SEASONAL_SW,SEASON_START_MMDD,SEASON_END_MMDD,VAL_TYPE_FLG,VAL_SRC_FLG,VAL,VAL_RC_SEQ,STEPPED_SW,STEP_LOW_VAL,STEP_HIGH_VAL,STEP_RC_SEQ,PRORATE_METHOD_FLG,UOM_CD,TOU_CD,SQI_CD,MSR_PEAK_QTY_SW,ITEM_TYPE_CD,PRT_SW,DST_ID,ERR_IF_NO_VAL_SW,STATISTICAL_SW,CALC_ONLY_SW,RESULT_TYPE_FLG,PRT_IF_ZERO_SW,RC_AMT_ALG_CD,INTV_PF_REL_TYP_CD,CRE_BILL_LN_SW,VERSION,RC_AUDIT_ALG,SQ_DRV_SW,RND_TYPE_FLG,RND_PRECISION_LVL,FCPO_RULE_FLG,TOU_MAP_ID,ALLOW_CURR_CONV) values ('CHGASFRA',to_date('01-JAN-01 00.00.00','DD-MON-RR HH24.MI.SS'),150,'        ','            ','            ','            ','Q ','N','    ','    ','U ','R ',0,120,'N',0,0,0,'    ','    ','        ','F_B_BFX ','N','        ','N','          ','N','N','Y','U ','N','            ','            ','N',1,'            ','N','RDNR',0.000001,'    ','            ','N');
Insert into CI_RC (RS_CD,EFFDT,RC_SEQ,BF_CD,TMAP_REL_TYPE_CD,RC_STEP_ALG_CD,RC_VAL_ALG_CD,RC_TYPE_FLG,SEASONAL_SW,SEASON_START_MMDD,SEASON_END_MMDD,VAL_TYPE_FLG,VAL_SRC_FLG,VAL,VAL_RC_SEQ,STEPPED_SW,STEP_LOW_VAL,STEP_HIGH_VAL,STEP_RC_SEQ,PRORATE_METHOD_FLG,UOM_CD,TOU_CD,SQI_CD,MSR_PEAK_QTY_SW,ITEM_TYPE_CD,PRT_SW,DST_ID,ERR_IF_NO_VAL_SW,STATISTICAL_SW,CALC_ONLY_SW,RESULT_TYPE_FLG,PRT_IF_ZERO_SW,RC_AMT_ALG_CD,INTV_PF_REL_TYP_CD,CRE_BILL_LN_SW,VERSION,RC_AUDIT_ALG,SQ_DRV_SW,RND_TYPE_FLG,RND_PRECISION_LVL,FCPO_RULE_FLG,TOU_MAP_ID,ALLOW_CURR_CONV) values ('CHGASFRA',to_date('01-JAN-01 00.00.00','DD-MON-RR HH24.MI.SS'),155,'        ','            ','            ','            ','Q ','N','    ','    ','U ','R ',0,150,'N',0,0,0,'    ','    ','        ','VALUE_1 ','N','        ','N','          ','N','N','Y','U ','N','            ','            ','N',1,'            ','N','RDNR',0.000001,'    ','            ','N');
Insert into CI_RC (RS_CD,EFFDT,RC_SEQ,BF_CD,TMAP_REL_TYPE_CD,RC_STEP_ALG_CD,RC_VAL_ALG_CD,RC_TYPE_FLG,SEASONAL_SW,SEASON_START_MMDD,SEASON_END_MMDD,VAL_TYPE_FLG,VAL_SRC_FLG,VAL,VAL_RC_SEQ,STEPPED_SW,STEP_LOW_VAL,STEP_HIGH_VAL,STEP_RC_SEQ,PRORATE_METHOD_FLG,UOM_CD,TOU_CD,SQI_CD,MSR_PEAK_QTY_SW,ITEM_TYPE_CD,PRT_SW,DST_ID,ERR_IF_NO_VAL_SW,STATISTICAL_SW,CALC_ONLY_SW,RESULT_TYPE_FLG,PRT_IF_ZERO_SW,RC_AMT_ALG_CD,INTV_PF_REL_TYP_CD,CRE_BILL_LN_SW,VERSION,RC_AUDIT_ALG,SQ_DRV_SW,RND_TYPE_FLG,RND_PRECISION_LVL,FCPO_RULE_FLG,TOU_MAP_ID,ALLOW_CURR_CONV) values ('CHGASFRA',to_date('01-JAN-01 00.00.00','DD-MON-RR HH24.MI.SS'),160,'        ','            ','            ','CMRC_130_155','F ','N','    ','    ','C ','A ',0,0,'N',0,0,0,'    ','    ','        ','        ','N','        ','N','          ','N','N','Y','C ','N','            ','            ','Y',1,'            ','N','RDNR',0.000001,'FCRT','            ','N');
Insert into CI_RC (RS_CD,EFFDT,RC_SEQ,BF_CD,TMAP_REL_TYPE_CD,RC_STEP_ALG_CD,RC_VAL_ALG_CD,RC_TYPE_FLG,SEASONAL_SW,SEASON_START_MMDD,SEASON_END_MMDD,VAL_TYPE_FLG,VAL_SRC_FLG,VAL,VAL_RC_SEQ,STEPPED_SW,STEP_LOW_VAL,STEP_HIGH_VAL,STEP_RC_SEQ,PRORATE_METHOD_FLG,UOM_CD,TOU_CD,SQI_CD,MSR_PEAK_QTY_SW,ITEM_TYPE_CD,PRT_SW,DST_ID,ERR_IF_NO_VAL_SW,STATISTICAL_SW,CALC_ONLY_SW,RESULT_TYPE_FLG,PRT_IF_ZERO_SW,RC_AMT_ALG_CD,INTV_PF_REL_TYP_CD,CRE_BILL_LN_SW,VERSION,RC_AUDIT_ALG,SQ_DRV_SW,RND_TYPE_FLG,RND_PRECISION_LVL,FCPO_RULE_FLG,TOU_MAP_ID,ALLOW_CURR_CONV) values ('CHGASFRA',to_date('01-JAN-01 00.00.00','DD-MON-RR HH24.MI.SS'),163,'        ','            ','            ','            ','F ','N','    ','    ','C ','R ',0,160,'N',0,0,0,'    ','    ','        ','        ','N','        ','N','CHG-FX-INC','N','N','N','C ','N','            ','            ','Y',1,'            ','N','RDNR',0.01,'    ','            ','N');
Insert into CI_RC (RS_CD,EFFDT,RC_SEQ,BF_CD,TMAP_REL_TYPE_CD,RC_STEP_ALG_CD,RC_VAL_ALG_CD,RC_TYPE_FLG,SEASONAL_SW,SEASON_START_MMDD,SEASON_END_MMDD,VAL_TYPE_FLG,VAL_SRC_FLG,VAL,VAL_RC_SEQ,STEPPED_SW,STEP_LOW_VAL,STEP_HIGH_VAL,STEP_RC_SEQ,PRORATE_METHOD_FLG,UOM_CD,TOU_CD,SQI_CD,MSR_PEAK_QTY_SW,ITEM_TYPE_CD,PRT_SW,DST_ID,ERR_IF_NO_VAL_SW,STATISTICAL_SW,CALC_ONLY_SW,RESULT_TYPE_FLG,PRT_IF_ZERO_SW,RC_AMT_ALG_CD,INTV_PF_REL_TYP_CD,CRE_BILL_LN_SW,VERSION,RC_AUDIT_ALG,SQ_DRV_SW,RND_TYPE_FLG,RND_PRECISION_LVL,FCPO_RULE_FLG,TOU_MAP_ID,ALLOW_CURR_CONV) values ('CHGASFRA',to_date('01-JAN-01 00.00.00','DD-MON-RR HH24.MI.SS'),165,'        ','            ','            ','RCXVAL_160  ','F ','N','    ','    ','C ','A ',0,0,'N',0,0,0,'    ','    ','        ','        ','N','        ','N','CHG-FX-RES','N','N','N','C ','N','            ','            ','Y',1,'            ','N','RDNR',0.01,'    ','            ','N');
Insert into CI_RC (RS_CD,EFFDT,RC_SEQ,BF_CD,TMAP_REL_TYPE_CD,RC_STEP_ALG_CD,RC_VAL_ALG_CD,RC_TYPE_FLG,SEASONAL_SW,SEASON_START_MMDD,SEASON_END_MMDD,VAL_TYPE_FLG,VAL_SRC_FLG,VAL,VAL_RC_SEQ,STEPPED_SW,STEP_LOW_VAL,STEP_HIGH_VAL,STEP_RC_SEQ,PRORATE_METHOD_FLG,UOM_CD,TOU_CD,SQI_CD,MSR_PEAK_QTY_SW,ITEM_TYPE_CD,PRT_SW,DST_ID,ERR_IF_NO_VAL_SW,STATISTICAL_SW,CALC_ONLY_SW,RESULT_TYPE_FLG,PRT_IF_ZERO_SW,RC_AMT_ALG_CD,INTV_PF_REL_TYP_CD,CRE_BILL_LN_SW,VERSION,RC_AUDIT_ALG,SQ_DRV_SW,RND_TYPE_FLG,RND_PRECISION_LVL,FCPO_RULE_FLG,TOU_MAP_ID,ALLOW_CURR_CONV) values ('CHGASFRA',to_date('01-JAN-01 00.00.00','DD-MON-RR HH24.MI.SS'),170,'        ','            ','            ','CM_RATEVALUE','Q ','N','    ','    ','U ','A ',0,0,'N',0,0,0,'    ','    ','        ','TXN_VOL ','N','        ','N','          ','N','N','Y','U ','N','            ','            ','N',1,'            ','N','RDNR',0.000001,'    ','            ','N');
Insert into CI_RC (RS_CD,EFFDT,RC_SEQ,BF_CD,TMAP_REL_TYPE_CD,RC_STEP_ALG_CD,RC_VAL_ALG_CD,RC_TYPE_FLG,SEASONAL_SW,SEASON_START_MMDD,SEASON_END_MMDD,VAL_TYPE_FLG,VAL_SRC_FLG,VAL,VAL_RC_SEQ,STEPPED_SW,STEP_LOW_VAL,STEP_HIGH_VAL,STEP_RC_SEQ,PRORATE_METHOD_FLG,UOM_CD,TOU_CD,SQI_CD,MSR_PEAK_QTY_SW,ITEM_TYPE_CD,PRT_SW,DST_ID,ERR_IF_NO_VAL_SW,STATISTICAL_SW,CALC_ONLY_SW,RESULT_TYPE_FLG,PRT_IF_ZERO_SW,RC_AMT_ALG_CD,INTV_PF_REL_TYP_CD,CRE_BILL_LN_SW,VERSION,RC_AUDIT_ALG,SQ_DRV_SW,RND_TYPE_FLG,RND_PRECISION_LVL,FCPO_RULE_FLG,TOU_MAP_ID,ALLOW_CURR_CONV) values ('CHGASFRA',to_date('01-JAN-01 00.00.00','DD-MON-RR HH24.MI.SS'),180,'        ','            ','            ','            ','Q ','N','    ','    ','U ','R ',0,170,'N',0,0,0,'    ','    ','        ','AP_B_EFX','N','        ','Y','          ','N','N','Y','U ','Y','            ','            ','Y',2,'            ','N','RDNR',0.000001,'FCRT','            ','N');
Insert into CI_RC (RS_CD,EFFDT,RC_SEQ,BF_CD,TMAP_REL_TYPE_CD,RC_STEP_ALG_CD,RC_VAL_ALG_CD,RC_TYPE_FLG,SEASONAL_SW,SEASON_START_MMDD,SEASON_END_MMDD,VAL_TYPE_FLG,VAL_SRC_FLG,VAL,VAL_RC_SEQ,STEPPED_SW,STEP_LOW_VAL,STEP_HIGH_VAL,STEP_RC_SEQ,PRORATE_METHOD_FLG,UOM_CD,TOU_CD,SQI_CD,MSR_PEAK_QTY_SW,ITEM_TYPE_CD,PRT_SW,DST_ID,ERR_IF_NO_VAL_SW,STATISTICAL_SW,CALC_ONLY_SW,RESULT_TYPE_FLG,PRT_IF_ZERO_SW,RC_AMT_ALG_CD,INTV_PF_REL_TYP_CD,CRE_BILL_LN_SW,VERSION,RC_AUDIT_ALG,SQ_DRV_SW,RND_TYPE_FLG,RND_PRECISION_LVL,FCPO_RULE_FLG,TOU_MAP_ID,ALLOW_CURR_CONV) values ('CHGASFRA',to_date('01-JAN-01 00.00.00','DD-MON-RR HH24.MI.SS'),190,'        ','            ','            ','            ','Q ','N','    ','    ','U ','R ',0,170,'N',0,0,0,'    ','    ','        ','AP_B_EFX','N','        ','N','CSF       ','N','N','N','C ','N','            ','            ','Y',3,'            ','N','RDNR',0.01,'    ','            ','N');
Insert into CI_RC (RS_CD,EFFDT,RC_SEQ,BF_CD,TMAP_REL_TYPE_CD,RC_STEP_ALG_CD,RC_VAL_ALG_CD,RC_TYPE_FLG,SEASONAL_SW,SEASON_START_MMDD,SEASON_END_MMDD,VAL_TYPE_FLG,VAL_SRC_FLG,VAL,VAL_RC_SEQ,STEPPED_SW,STEP_LOW_VAL,STEP_HIGH_VAL,STEP_RC_SEQ,PRORATE_METHOD_FLG,UOM_CD,TOU_CD,SQI_CD,MSR_PEAK_QTY_SW,ITEM_TYPE_CD,PRT_SW,DST_ID,ERR_IF_NO_VAL_SW,STATISTICAL_SW,CALC_ONLY_SW,RESULT_TYPE_FLG,PRT_IF_ZERO_SW,RC_AMT_ALG_CD,INTV_PF_REL_TYP_CD,CRE_BILL_LN_SW,VERSION,RC_AUDIT_ALG,SQ_DRV_SW,RND_TYPE_FLG,RND_PRECISION_LVL,FCPO_RULE_FLG,TOU_MAP_ID,ALLOW_CURR_CONV) values ('CHGASFRA',to_date('01-JAN-01 00.00.00','DD-MON-RR HH24.MI.SS'),200,'        ','            ','            ','            ','Q ','N','    ','    ','U ','R ',0,170,'N',0,0,0,'    ','    ','        ','AP_B_BFX','N','        ','N','          ','N','N','Y','U ','N','            ','            ','N',2,'            ','N','RDNR',0.000001,'    ','            ','N');
Insert into CI_RC (RS_CD,EFFDT,RC_SEQ,BF_CD,TMAP_REL_TYPE_CD,RC_STEP_ALG_CD,RC_VAL_ALG_CD,RC_TYPE_FLG,SEASONAL_SW,SEASON_START_MMDD,SEASON_END_MMDD,VAL_TYPE_FLG,VAL_SRC_FLG,VAL,VAL_RC_SEQ,STEPPED_SW,STEP_LOW_VAL,STEP_HIGH_VAL,STEP_RC_SEQ,PRORATE_METHOD_FLG,UOM_CD,TOU_CD,SQI_CD,MSR_PEAK_QTY_SW,ITEM_TYPE_CD,PRT_SW,DST_ID,ERR_IF_NO_VAL_SW,STATISTICAL_SW,CALC_ONLY_SW,RESULT_TYPE_FLG,PRT_IF_ZERO_SW,RC_AMT_ALG_CD,INTV_PF_REL_TYP_CD,CRE_BILL_LN_SW,VERSION,RC_AUDIT_ALG,SQ_DRV_SW,RND_TYPE_FLG,RND_PRECISION_LVL,FCPO_RULE_FLG,TOU_MAP_ID,ALLOW_CURR_CONV) values ('CHGASFRA',to_date('01-JAN-01 00.00.00','DD-MON-RR HH24.MI.SS'),205,'        ','            ','            ','            ','Q ','N','    ','    ','U ','R ',0,200,'N',0,0,0,'    ','    ','        ','VALUE_1 ','N','        ','N','          ','N','N','Y','U ','N','            ','            ','N',1,'            ','N','RDNR',0.000001,'    ','            ','N');
Insert into CI_RC (RS_CD,EFFDT,RC_SEQ,BF_CD,TMAP_REL_TYPE_CD,RC_STEP_ALG_CD,RC_VAL_ALG_CD,RC_TYPE_FLG,SEASONAL_SW,SEASON_START_MMDD,SEASON_END_MMDD,VAL_TYPE_FLG,VAL_SRC_FLG,VAL,VAL_RC_SEQ,STEPPED_SW,STEP_LOW_VAL,STEP_HIGH_VAL,STEP_RC_SEQ,PRORATE_METHOD_FLG,UOM_CD,TOU_CD,SQI_CD,MSR_PEAK_QTY_SW,ITEM_TYPE_CD,PRT_SW,DST_ID,ERR_IF_NO_VAL_SW,STATISTICAL_SW,CALC_ONLY_SW,RESULT_TYPE_FLG,PRT_IF_ZERO_SW,RC_AMT_ALG_CD,INTV_PF_REL_TYP_CD,CRE_BILL_LN_SW,VERSION,RC_AUDIT_ALG,SQ_DRV_SW,RND_TYPE_FLG,RND_PRECISION_LVL,FCPO_RULE_FLG,TOU_MAP_ID,ALLOW_CURR_CONV) values ('CHGASFRA',to_date('01-JAN-01 00.00.00','DD-MON-RR HH24.MI.SS'),210,'        ','            ','            ','CMRC_180_205','F ','N','    ','    ','C ','A ',0,0,'N',0,0,0,'    ','    ','        ','        ','N','        ','N','          ','N','N','Y','C ','N','            ','            ','Y',1,'            ','N','RDNR',0.000001,'FCRT','            ','N');
Insert into CI_RC (RS_CD,EFFDT,RC_SEQ,BF_CD,TMAP_REL_TYPE_CD,RC_STEP_ALG_CD,RC_VAL_ALG_CD,RC_TYPE_FLG,SEASONAL_SW,SEASON_START_MMDD,SEASON_END_MMDD,VAL_TYPE_FLG,VAL_SRC_FLG,VAL,VAL_RC_SEQ,STEPPED_SW,STEP_LOW_VAL,STEP_HIGH_VAL,STEP_RC_SEQ,PRORATE_METHOD_FLG,UOM_CD,TOU_CD,SQI_CD,MSR_PEAK_QTY_SW,ITEM_TYPE_CD,PRT_SW,DST_ID,ERR_IF_NO_VAL_SW,STATISTICAL_SW,CALC_ONLY_SW,RESULT_TYPE_FLG,PRT_IF_ZERO_SW,RC_AMT_ALG_CD,INTV_PF_REL_TYP_CD,CRE_BILL_LN_SW,VERSION,RC_AUDIT_ALG,SQ_DRV_SW,RND_TYPE_FLG,RND_PRECISION_LVL,FCPO_RULE_FLG,TOU_MAP_ID,ALLOW_CURR_CONV) values ('CHGASFRA',to_date('01-JAN-01 00.00.00','DD-MON-RR HH24.MI.SS'),220,'        ','            ','            ','            ','F ','N','    ','    ','C ','R ',0,210,'N',0,0,0,'    ','    ','        ','        ','N','        ','N','CHG-FX-INC','N','N','N','C ','N','            ','            ','Y',1,'            ','N','RDNR',0.01,'    ','            ','N');
Insert into CI_RC (RS_CD,EFFDT,RC_SEQ,BF_CD,TMAP_REL_TYPE_CD,RC_STEP_ALG_CD,RC_VAL_ALG_CD,RC_TYPE_FLG,SEASONAL_SW,SEASON_START_MMDD,SEASON_END_MMDD,VAL_TYPE_FLG,VAL_SRC_FLG,VAL,VAL_RC_SEQ,STEPPED_SW,STEP_LOW_VAL,STEP_HIGH_VAL,STEP_RC_SEQ,PRORATE_METHOD_FLG,UOM_CD,TOU_CD,SQI_CD,MSR_PEAK_QTY_SW,ITEM_TYPE_CD,PRT_SW,DST_ID,ERR_IF_NO_VAL_SW,STATISTICAL_SW,CALC_ONLY_SW,RESULT_TYPE_FLG,PRT_IF_ZERO_SW,RC_AMT_ALG_CD,INTV_PF_REL_TYP_CD,CRE_BILL_LN_SW,VERSION,RC_AUDIT_ALG,SQ_DRV_SW,RND_TYPE_FLG,RND_PRECISION_LVL,FCPO_RULE_FLG,TOU_MAP_ID,ALLOW_CURR_CONV) values ('CHGASFRA',to_date('01-JAN-01 00.00.00','DD-MON-RR HH24.MI.SS'),230,'        ','            ','            ','RCXVAL_210  ','F ','N','    ','    ','C ','A ',0,0,'N',0,0,0,'    ','    ','        ','        ','N','        ','N','CHG-FX-RES','N','N','N','C ','N','            ','            ','Y',1,'            ','N','RDNR',0.01,'    ','            ','N');
Insert into CI_RC (RS_CD,EFFDT,RC_SEQ,BF_CD,TMAP_REL_TYPE_CD,RC_STEP_ALG_CD,RC_VAL_ALG_CD,RC_TYPE_FLG,SEASONAL_SW,SEASON_START_MMDD,SEASON_END_MMDD,VAL_TYPE_FLG,VAL_SRC_FLG,VAL,VAL_RC_SEQ,STEPPED_SW,STEP_LOW_VAL,STEP_HIGH_VAL,STEP_RC_SEQ,PRORATE_METHOD_FLG,UOM_CD,TOU_CD,SQI_CD,MSR_PEAK_QTY_SW,ITEM_TYPE_CD,PRT_SW,DST_ID,ERR_IF_NO_VAL_SW,STATISTICAL_SW,CALC_ONLY_SW,RESULT_TYPE_FLG,PRT_IF_ZERO_SW,RC_AMT_ALG_CD,INTV_PF_REL_TYP_CD,CRE_BILL_LN_SW,VERSION,RC_AUDIT_ALG,SQ_DRV_SW,RND_TYPE_FLG,RND_PRECISION_LVL,FCPO_RULE_FLG,TOU_MAP_ID,ALLOW_CURR_CONV) values ('CHGASFRA',to_date('01-JAN-01 00.00.00','DD-MON-RR HH24.MI.SS'),240,'        ','            ','            ','            ','Q ','N','    ','    ','U ','V ',1,0,'N',0,0,0,'    ','    ','        ','F_M_AMT ','N','        ','N','          ','N','N','Y','U ','N','            ','            ','Y',1,'            ','N','RDNR',0.000001,'FCRT','            ','N');
Insert into CI_RC_MAP (RC_MAP_ID,RS_CD,EFFDT,RC_SEQ,DISPLAY_SEQ,TIERED_FLAG,MAX_TIER,BUS_OBJ_CD,VERSION,BO_DATA_AREA) values ('5847107326','CHGASFRA',to_date('01-JAN-01 00.00.00','DD-MON-RR HH24.MI.SS'),10,0,'FLAT',0,'                              ',2,' ');
Insert into CI_RC_MAP (RC_MAP_ID,RS_CD,EFFDT,RC_SEQ,DISPLAY_SEQ,TIERED_FLAG,MAX_TIER,BUS_OBJ_CD,VERSION,BO_DATA_AREA) values ('1616235001','CHGASFRA',to_date('01-JAN-01 00.00.00','DD-MON-RR HH24.MI.SS'),60,0,'FLAT',0,'                              ',2,' ');
Insert into CI_RC_MAP (RC_MAP_ID,RS_CD,EFFDT,RC_SEQ,DISPLAY_SEQ,TIERED_FLAG,MAX_TIER,BUS_OBJ_CD,VERSION,BO_DATA_AREA) values ('0581676765','CHGASFRA',to_date('01-JAN-01 00.00.00','DD-MON-RR HH24.MI.SS'),120,0,'FLAT',0,'                              ',2,' ');
Insert into CI_RC_MAP (RC_MAP_ID,RS_CD,EFFDT,RC_SEQ,DISPLAY_SEQ,TIERED_FLAG,MAX_TIER,BUS_OBJ_CD,VERSION,BO_DATA_AREA) values ('2795845547','CHGASFRA',to_date('01-JAN-01 00.00.00','DD-MON-RR HH24.MI.SS'),170,0,'FLAT',0,'                              ',2,' ');
Insert into CI_RC_CHAR (RS_CD,EFFDT,RC_SEQ,CHAR_TYPE_CD,CHAR_VAL,ADHOC_CHAR_VAL,VERSION) values ('CHGASFRA',to_date('01-JAN-01 00.00.00','DD-MON-RR HH24.MI.SS'),10,'RATE_TP ','MSC_PC          ',' ',1);
Insert into CI_RC_CHAR (RS_CD,EFFDT,RC_SEQ,CHAR_TYPE_CD,CHAR_VAL,ADHOC_CHAR_VAL,VERSION) values ('CHGASFRA',to_date('01-JAN-01 00.00.00','DD-MON-RR HH24.MI.SS'),20,'EVT-PRC ','PC_MBA          ',' ',1);
Insert into CI_RC_CHAR (RS_CD,EFFDT,RC_SEQ,CHAR_TYPE_CD,CHAR_VAL,ADHOC_CHAR_VAL,VERSION) values ('CHGASFRA',to_date('01-JAN-01 00.00.00','DD-MON-RR HH24.MI.SS'),30,'BCL-TYPE','PC_MBA          ',' ',1);
Insert into CI_RC_CHAR (RS_CD,EFFDT,RC_SEQ,CHAR_TYPE_CD,CHAR_VAL,ADHOC_CHAR_VAL,VERSION) values ('CHGASFRA',to_date('01-JAN-01 00.00.00','DD-MON-RR HH24.MI.SS'),50,'EVT-PRC ','PC_CFX          ',' ',1);
Insert into CI_RC_CHAR (RS_CD,EFFDT,RC_SEQ,CHAR_TYPE_CD,CHAR_VAL,ADHOC_CHAR_VAL,VERSION) values ('CHGASFRA',to_date('01-JAN-01 00.00.00','DD-MON-RR HH24.MI.SS'),60,'RATE_TP ','MSC_PI          ',' ',1);
Insert into CI_RC_CHAR (RS_CD,EFFDT,RC_SEQ,CHAR_TYPE_CD,CHAR_VAL,ADHOC_CHAR_VAL,VERSION) values ('CHGASFRA',to_date('01-JAN-01 00.00.00','DD-MON-RR HH24.MI.SS'),70,'EVT-PRC ','PI_MBA          ',' ',1);
Insert into CI_RC_CHAR (RS_CD,EFFDT,RC_SEQ,CHAR_TYPE_CD,CHAR_VAL,ADHOC_CHAR_VAL,VERSION) values ('CHGASFRA',to_date('01-JAN-01 00.00.00','DD-MON-RR HH24.MI.SS'),80,'BCL-TYPE','PI_MBA          ',' ',1);
Insert into CI_RC_CHAR (RS_CD,EFFDT,RC_SEQ,CHAR_TYPE_CD,CHAR_VAL,ADHOC_CHAR_VAL,VERSION) values ('CHGASFRA',to_date('01-JAN-01 00.00.00','DD-MON-RR HH24.MI.SS'),120,'RATE_TP ','ASF_PC          ',' ',1);
Insert into CI_RC_CHAR (RS_CD,EFFDT,RC_SEQ,CHAR_TYPE_CD,CHAR_VAL,ADHOC_CHAR_VAL,VERSION) values ('CHGASFRA',to_date('01-JAN-01 00.00.00','DD-MON-RR HH24.MI.SS'),130,'EVT-PRC ','ASFPC_MB        ',' ',1);
Insert into CI_RC_CHAR (RS_CD,EFFDT,RC_SEQ,CHAR_TYPE_CD,CHAR_VAL,ADHOC_CHAR_VAL,VERSION) values ('CHGASFRA',to_date('01-JAN-01 00.00.00','DD-MON-RR HH24.MI.SS'),140,'BCL-TYPE','ASFPC_MB        ',' ',1);
Insert into CI_RC_CHAR (RS_CD,EFFDT,RC_SEQ,CHAR_TYPE_CD,CHAR_VAL,ADHOC_CHAR_VAL,VERSION) values ('CHGASFRA',to_date('01-JAN-01 00.00.00','DD-MON-RR HH24.MI.SS'),140,'CM-FCPOD','BASE_CHG        ',' ',1);
Insert into CI_RC_CHAR (RS_CD,EFFDT,RC_SEQ,CHAR_TYPE_CD,CHAR_VAL,ADHOC_CHAR_VAL,VERSION) values ('CHGASFRA',to_date('01-JAN-01 00.00.00','DD-MON-RR HH24.MI.SS'),140,'CM-FCPOV','Y               ',' ',1);
Insert into CI_RC_CHAR (RS_CD,EFFDT,RC_SEQ,CHAR_TYPE_CD,CHAR_VAL,ADHOC_CHAR_VAL,VERSION) values ('CHGASFRA',to_date('01-JAN-01 00.00.00','DD-MON-RR HH24.MI.SS'),160,'EVT-PRC ','ASFPC_FX        ',' ',1);
Insert into CI_RC_CHAR (RS_CD,EFFDT,RC_SEQ,CHAR_TYPE_CD,CHAR_VAL,ADHOC_CHAR_VAL,VERSION) values ('CHGASFRA',to_date('01-JAN-01 00.00.00','DD-MON-RR HH24.MI.SS'),170,'RATE_TP ','ASF_PI          ',' ',1);
Insert into CI_RC_CHAR (RS_CD,EFFDT,RC_SEQ,CHAR_TYPE_CD,CHAR_VAL,ADHOC_CHAR_VAL,VERSION) values ('CHGASFRA',to_date('01-JAN-01 00.00.00','DD-MON-RR HH24.MI.SS'),180,'EVT-PRC ','ASFPI_MB        ',' ',1);
Insert into CI_RC_CHAR (RS_CD,EFFDT,RC_SEQ,CHAR_TYPE_CD,CHAR_VAL,ADHOC_CHAR_VAL,VERSION) values ('CHGASFRA',to_date('01-JAN-01 00.00.00','DD-MON-RR HH24.MI.SS'),190,'BCL-TYPE','ASFPI_MB        ',' ',1);
Insert into CI_RC_CHAR (RS_CD,EFFDT,RC_SEQ,CHAR_TYPE_CD,CHAR_VAL,ADHOC_CHAR_VAL,VERSION) values ('CHGASFRA',to_date('01-JAN-01 00.00.00','DD-MON-RR HH24.MI.SS'),210,'EVT-PRC ','ASFPI_FX        ',' ',1);
Insert into CI_RC_CHAR (RS_CD,EFFDT,RC_SEQ,CHAR_TYPE_CD,CHAR_VAL,ADHOC_CHAR_VAL,VERSION) values ('CHGASFRA',to_date('01-JAN-01 00.00.00','DD-MON-RR HH24.MI.SS'),240,'BCL-TYPE','F_M_AMT         ',' ',1);
Insert into CI_PRICEITEM (PRICEITEM_CD,PI_STATUS_FLG,UOM_CD,PRICE_ITEM_TYPE_FLG,ASGN_GLOBAL_PL_SW,BUNDLE_SW,BUNDLE_TYPE_FLG,BUS_OBJ_CD,VERSION,BO_DATA_AREA,SA_TYPE_CD,ACCESS_GRP_CD,IGNORE_SW,PRICEITEM_TYPE,BEST_OF_FLG,PRICEITEM_AVAIL_FOR) values ('ARFBC000                      ','ACTV','0090','    ','Y','N','    ','C1_PRICEITEM_BO               ',1,' ','CHRG    ','            ','N','FEES                          ',null,'PRBL');
Insert into CI_PRICEITEM (PRICEITEM_CD,PI_STATUS_FLG,UOM_CD,PRICE_ITEM_TYPE_FLG,ASGN_GLOBAL_PL_SW,BUNDLE_SW,BUNDLE_TYPE_FLG,BUS_OBJ_CD,VERSION,BO_DATA_AREA,SA_TYPE_CD,ACCESS_GRP_CD,IGNORE_SW,PRICEITEM_TYPE,BEST_OF_FLG,PRICEITEM_AVAIL_FOR) values ('PPVCDC03                      ','ACTV','0162','    ','Y','N','    ','C1_PRICEITEM_BO               ',1,' ','CHRG    ','            ','N','FEES                          ',null,'PRBL');
Insert into CI_PRICEITEM (PRICEITEM_CD,PI_STATUS_FLG,UOM_CD,PRICE_ITEM_TYPE_FLG,ASGN_GLOBAL_PL_SW,BUNDLE_SW,BUNDLE_TYPE_FLG,BUS_OBJ_CD,VERSION,BO_DATA_AREA,SA_TYPE_CD,ACCESS_GRP_CD,IGNORE_SW,PRICEITEM_TYPE,BEST_OF_FLG,PRICEITEM_AVAIL_FOR) values ('PPVCDC05                      ','ACTV','0163','    ','Y','N','    ','C1_PRICEITEM_BO               ',1,' ','CHRG    ','            ','N','FEES                          ',null,'PRBL');
Insert into CI_PRICEITEM_CHAR (PRICEITEM_CD,CHAR_TYPE_CD,EFFDT,ADHOC_CHAR_VAL,CHAR_VAL,CHAR_VAL_FK1,CHAR_VAL_FK2,CHAR_VAL_FK3,CHAR_VAL_FK4,CHAR_VAL_FK5,SRCH_CHAR_VAL,VERSION) values ('ARFBC000                      ','CARDSEQ ',to_date('01-JAN-01 00.00.00','DD-MON-RR HH24.MI.SS'),'410','                ',' ',' ',' ',' ',' ',' ',1);
Insert into CI_PRICEITEM_CHAR (PRICEITEM_CD,CHAR_TYPE_CD,EFFDT,ADHOC_CHAR_VAL,CHAR_VAL,CHAR_VAL_FK1,CHAR_VAL_FK2,CHAR_VAL_FK3,CHAR_VAL_FK4,CHAR_VAL_FK5,SRCH_CHAR_VAL,VERSION) values ('ARFBC000                      ','CHANNEL ',to_date('01-JAN-01 00.00.00','DD-MON-RR HH24.MI.SS'),' ','N/A             ',' ',' ',' ',' ',' ',' ',1);
Insert into CI_PRICEITEM_CHAR (PRICEITEM_CD,CHAR_TYPE_CD,EFFDT,ADHOC_CHAR_VAL,CHAR_VAL,CHAR_VAL_FK1,CHAR_VAL_FK2,CHAR_VAL_FK3,CHAR_VAL_FK4,CHAR_VAL_FK5,SRCH_CHAR_VAL,VERSION) values ('ARFBC000                      ','CLASS   ',to_date('01-JAN-01 00.00.00','DD-MON-RR HH24.MI.SS'),' ','ACQUIRED        ',' ',' ',' ',' ',' ',' ',1);
Insert into CI_PRICEITEM_CHAR (PRICEITEM_CD,CHAR_TYPE_CD,EFFDT,ADHOC_CHAR_VAL,CHAR_VAL,CHAR_VAL_FK1,CHAR_VAL_FK2,CHAR_VAL_FK3,CHAR_VAL_FK4,CHAR_VAL_FK5,SRCH_CHAR_VAL,VERSION) values ('ARFBC000                      ','CR_DR   ',to_date('01-JAN-01 00.00.00','DD-MON-RR HH24.MI.SS'),' ','CR              ',' ',' ',' ',' ',' ',' ',1);
Insert into CI_PRICEITEM_CHAR (PRICEITEM_CD,CHAR_TYPE_CD,EFFDT,ADHOC_CHAR_VAL,CHAR_VAL,CHAR_VAL_FK1,CHAR_VAL_FK2,CHAR_VAL_FK3,CHAR_VAL_FK4,CHAR_VAL_FK5,SRCH_CHAR_VAL,VERSION) values ('ARFBC000                      ','L0      ',to_date('01-JAN-01 00.00.00','DD-MON-RR HH24.MI.SS'),' ','ARFBC000        ',' ',' ',' ',' ',' ',' ',1);
Insert into CI_PRICEITEM_CHAR (PRICEITEM_CD,CHAR_TYPE_CD,EFFDT,ADHOC_CHAR_VAL,CHAR_VAL,CHAR_VAL_FK1,CHAR_VAL_FK2,CHAR_VAL_FK3,CHAR_VAL_FK4,CHAR_VAL_FK5,SRCH_CHAR_VAL,VERSION) values ('ARFBC000                      ','L1      ',to_date('01-JAN-01 00.00.00','DD-MON-RR HH24.MI.SS'),' ','L1VICRPR        ',' ',' ',' ',' ',' ',' ',1);
Insert into CI_PRICEITEM_CHAR (PRICEITEM_CD,CHAR_TYPE_CD,EFFDT,ADHOC_CHAR_VAL,CHAR_VAL,CHAR_VAL_FK1,CHAR_VAL_FK2,CHAR_VAL_FK3,CHAR_VAL_FK4,CHAR_VAL_FK5,SRCH_CHAR_VAL,VERSION) values ('ARFBC000                      ','L2      ',to_date('01-JAN-01 00.00.00','DD-MON-RR HH24.MI.SS'),' ','L2VISACR        ',' ',' ',' ',' ',' ',' ',1);
Insert into CI_PRICEITEM_CHAR (PRICEITEM_CD,CHAR_TYPE_CD,EFFDT,ADHOC_CHAR_VAL,CHAR_VAL,CHAR_VAL_FK1,CHAR_VAL_FK2,CHAR_VAL_FK3,CHAR_VAL_FK4,CHAR_VAL_FK5,SRCH_CHAR_VAL,VERSION) values ('ARFBC000                      ','L3      ',to_date('01-JAN-01 00.00.00','DD-MON-RR HH24.MI.SS'),' ','L3PERCR         ',' ',' ',' ',' ',' ',' ',1);
Insert into CI_PRICEITEM_CHAR (PRICEITEM_CD,CHAR_TYPE_CD,EFFDT,ADHOC_CHAR_VAL,CHAR_VAL,CHAR_VAL_FK1,CHAR_VAL_FK2,CHAR_VAL_FK3,CHAR_VAL_FK4,CHAR_VAL_FK5,SRCH_CHAR_VAL,VERSION) values ('ARFBC000                      ','L4      ',to_date('01-JAN-01 00.00.00','DD-MON-RR HH24.MI.SS'),' ','L4ACQREF        ',' ',' ',' ',' ',' ',' ',1);
Insert into CI_PRICEITEM_CHAR (PRICEITEM_CD,CHAR_TYPE_CD,EFFDT,ADHOC_CHAR_VAL,CHAR_VAL,CHAR_VAL_FK1,CHAR_VAL_FK2,CHAR_VAL_FK3,CHAR_VAL_FK4,CHAR_VAL_FK5,SRCH_CHAR_VAL,VERSION) values ('ARFBC000                      ','L5      ',to_date('01-JAN-01 00.00.00','DD-MON-RR HH24.MI.SS'),' ','N/A             ',' ',' ',' ',' ',' ',' ',1);
Insert into CI_PRICEITEM_CHAR (PRICEITEM_CD,CHAR_TYPE_CD,EFFDT,ADHOC_CHAR_VAL,CHAR_VAL,CHAR_VAL_FK1,CHAR_VAL_FK2,CHAR_VAL_FK3,CHAR_VAL_FK4,CHAR_VAL_FK5,SRCH_CHAR_VAL,VERSION) values ('ARFBC000                      ','OV_DSTCD',to_date('01-JAN-01 00.00.00','DD-MON-RR HH24.MI.SS'),'MSC','                ',' ',' ',' ',' ',' ',' ',1);
Insert into CI_PRICEITEM_CHAR (PRICEITEM_CD,CHAR_TYPE_CD,EFFDT,ADHOC_CHAR_VAL,CHAR_VAL,CHAR_VAL_FK1,CHAR_VAL_FK2,CHAR_VAL_FK3,CHAR_VAL_FK4,CHAR_VAL_FK5,SRCH_CHAR_VAL,VERSION) values ('ARFBC000                      ','RATE_FLG',to_date('01-JAN-00 00.00.00','DD-MON-RR HH24.MI.SS'),' ','Y               ',' ',' ',' ',' ',' ','Y',1);
Insert into CI_PRICEITEM_CHAR (PRICEITEM_CD,CHAR_TYPE_CD,EFFDT,ADHOC_CHAR_VAL,CHAR_VAL,CHAR_VAL_FK1,CHAR_VAL_FK2,CHAR_VAL_FK3,CHAR_VAL_FK4,CHAR_VAL_FK5,SRCH_CHAR_VAL,VERSION) values ('ARFBC000                      ','RESPONSE',to_date('01-JAN-01 00.00.00','DD-MON-RR HH24.MI.SS'),' ','N/A             ',' ',' ',' ',' ',' ',' ',1);
Insert into CI_PRICEITEM_CHAR (PRICEITEM_CD,CHAR_TYPE_CD,EFFDT,ADHOC_CHAR_VAL,CHAR_VAL,CHAR_VAL_FK1,CHAR_VAL_FK2,CHAR_VAL_FK3,CHAR_VAL_FK4,CHAR_VAL_FK5,SRCH_CHAR_VAL,VERSION) values ('ARFBC000                      ','SCHEME  ',to_date('01-JAN-01 00.00.00','DD-MON-RR HH24.MI.SS'),' ','VI              ',' ',' ',' ',' ',' ',' ',1);
Insert into CI_PRICEITEM_CHAR (PRICEITEM_CD,CHAR_TYPE_CD,EFFDT,ADHOC_CHAR_VAL,CHAR_VAL,CHAR_VAL_FK1,CHAR_VAL_FK2,CHAR_VAL_FK3,CHAR_VAL_FK4,CHAR_VAL_FK5,SRCH_CHAR_VAL,VERSION) values ('ARFBC000                      ','SCLASS  ',to_date('01-JAN-01 00.00.00','DD-MON-RR HH24.MI.SS'),' ','N/A             ',' ',' ',' ',' ',' ',' ',1);
Insert into CI_PRICEITEM_CHAR (PRICEITEM_CD,CHAR_TYPE_CD,EFFDT,ADHOC_CHAR_VAL,CHAR_VAL,CHAR_VAL_FK1,CHAR_VAL_FK2,CHAR_VAL_FK3,CHAR_VAL_FK4,CHAR_VAL_FK5,SRCH_CHAR_VAL,VERSION) values ('ARFBC000                      ','SINVOICE',to_date('01-JAN-01 00.00.00','DD-MON-RR HH24.MI.SS'),' ','BC000           ',' ',' ',' ',' ',' ',' ',1);
Insert into CI_PRICEITEM_CHAR (PRICEITEM_CD,CHAR_TYPE_CD,EFFDT,ADHOC_CHAR_VAL,CHAR_VAL,CHAR_VAL_FK1,CHAR_VAL_FK2,CHAR_VAL_FK3,CHAR_VAL_FK4,CHAR_VAL_FK5,SRCH_CHAR_VAL,VERSION) values ('ARFBC000                      ','TTYPE   ',to_date('01-JAN-01 00.00.00','DD-MON-RR HH24.MI.SS'),' ','REFUND          ',' ',' ',' ',' ',' ',' ',1);
Insert into CI_PRICEITEM_CHAR (PRICEITEM_CD,CHAR_TYPE_CD,EFFDT,ADHOC_CHAR_VAL,CHAR_VAL,CHAR_VAL_FK1,CHAR_VAL_FK2,CHAR_VAL_FK3,CHAR_VAL_FK4,CHAR_VAL_FK5,SRCH_CHAR_VAL,VERSION) values ('ARFBC000                      ','TX_S_ATO',to_date('01-JAN-01 00.00.00','DD-MON-RR HH24.MI.SS'),' ','GST STD-S       ',' ',' ',' ',' ',' ',' ',1);
Insert into CI_PRICEITEM_CHAR (PRICEITEM_CD,CHAR_TYPE_CD,EFFDT,ADHOC_CHAR_VAL,CHAR_VAL,CHAR_VAL_FK1,CHAR_VAL_FK2,CHAR_VAL_FK3,CHAR_VAL_FK4,CHAR_VAL_FK5,SRCH_CHAR_VAL,VERSION) values ('ARFBC000                      ','TX_S_CAN',to_date('01-JAN-01 00.00.00','DD-MON-RR HH24.MI.SS'),' ','GST ZERO-Z      ',' ',' ',' ',' ',' ',' ',1);
Insert into CI_PRICEITEM_CHAR (PRICEITEM_CD,CHAR_TYPE_CD,EFFDT,ADHOC_CHAR_VAL,CHAR_VAL,CHAR_VAL_FK1,CHAR_VAL_FK2,CHAR_VAL_FK3,CHAR_VAL_FK4,CHAR_VAL_FK5,SRCH_CHAR_VAL,VERSION) values ('ARFBC000                      ','TX_S_CAN',to_date('02-JAN-01 00.00.00','DD-MON-RR HH24.MI.SS'),' ','QST ZERO-Z      ',' ',' ',' ',' ',' ',' ',1);
Insert into CI_PRICEITEM_CHAR (PRICEITEM_CD,CHAR_TYPE_CD,EFFDT,ADHOC_CHAR_VAL,CHAR_VAL,CHAR_VAL_FK1,CHAR_VAL_FK2,CHAR_VAL_FK3,CHAR_VAL_FK4,CHAR_VAL_FK5,SRCH_CHAR_VAL,VERSION) values ('ARFBC000                      ','TX_S_HK ',to_date('01-JAN-01 00.00.00','DD-MON-RR HH24.MI.SS'),' ','OUT OF SCOPE-O  ',' ',' ',' ',' ',' ',' ',1);
Insert into CI_PRICEITEM_CHAR (PRICEITEM_CD,CHAR_TYPE_CD,EFFDT,ADHOC_CHAR_VAL,CHAR_VAL,CHAR_VAL_FK1,CHAR_VAL_FK2,CHAR_VAL_FK3,CHAR_VAL_FK4,CHAR_VAL_FK5,SRCH_CHAR_VAL,VERSION) values ('ARFBC000                      ','TX_S_IND',to_date('01-JAN-01 00.00.00','DD-MON-RR HH24.MI.SS'),' ','IST SERVICE-S   ',' ',' ',' ',' ',' ',' ',1);
Insert into CI_PRICEITEM_CHAR (PRICEITEM_CD,CHAR_TYPE_CD,EFFDT,ADHOC_CHAR_VAL,CHAR_VAL,CHAR_VAL_FK1,CHAR_VAL_FK2,CHAR_VAL_FK3,CHAR_VAL_FK4,CHAR_VAL_FK5,SRCH_CHAR_VAL,VERSION) values ('ARFBC000                      ','TX_S_KK ',to_date('01-JAN-01 00.00.00','DD-MON-RR HH24.MI.SS'),' ','JCT STD-S       ',' ',' ',' ',' ',' ',' ',1);
Insert into CI_PRICEITEM_CHAR (PRICEITEM_CD,CHAR_TYPE_CD,EFFDT,ADHOC_CHAR_VAL,CHAR_VAL,CHAR_VAL_FK1,CHAR_VAL_FK2,CHAR_VAL_FK3,CHAR_VAL_FK4,CHAR_VAL_FK5,SRCH_CHAR_VAL,VERSION) values ('ARFBC000                      ','TX_S_NL ',to_date('01-JAN-01 00.00.00','DD-MON-RR HH24.MI.SS'),' ','STANDARD-S      ',' ',' ',' ',' ',' ',' ',1);
Insert into CI_PRICEITEM_CHAR (PRICEITEM_CD,CHAR_TYPE_CD,EFFDT,ADHOC_CHAR_VAL,CHAR_VAL,CHAR_VAL_FK1,CHAR_VAL_FK2,CHAR_VAL_FK3,CHAR_VAL_FK4,CHAR_VAL_FK5,SRCH_CHAR_VAL,VERSION) values ('ARFBC000                      ','TX_S_NZ ',to_date('01-JAN-01 00.00.00','DD-MON-RR HH24.MI.SS'),' ','GST ZERO-Z      ',' ',' ',' ',' ',' ',' ',1);
Insert into CI_PRICEITEM_CHAR (PRICEITEM_CD,CHAR_TYPE_CD,EFFDT,ADHOC_CHAR_VAL,CHAR_VAL,CHAR_VAL_FK1,CHAR_VAL_FK2,CHAR_VAL_FK3,CHAR_VAL_FK4,CHAR_VAL_FK5,SRCH_CHAR_VAL,VERSION) values ('ARFBC000                      ','TX_S_OOS',to_date('01-JAN-01 00.00.00','DD-MON-RR HH24.MI.SS'),' ','OUT OF SCOPE-O  ',' ',' ',' ',' ',' ',' ',1);
Insert into CI_PRICEITEM_CHAR (PRICEITEM_CD,CHAR_TYPE_CD,EFFDT,ADHOC_CHAR_VAL,CHAR_VAL,CHAR_VAL_FK1,CHAR_VAL_FK2,CHAR_VAL_FK3,CHAR_VAL_FK4,CHAR_VAL_FK5,SRCH_CHAR_VAL,VERSION) values ('ARFBC000                      ','TX_S_ROI',to_date('01-JAN-01 00.00.00','DD-MON-RR HH24.MI.SS'),' ','EXEMPT-E        ',' ',' ',' ',' ',' ',' ',1);
Insert into CI_PRICEITEM_CHAR (PRICEITEM_CD,CHAR_TYPE_CD,EFFDT,ADHOC_CHAR_VAL,CHAR_VAL,CHAR_VAL_FK1,CHAR_VAL_FK2,CHAR_VAL_FK3,CHAR_VAL_FK4,CHAR_VAL_FK5,SRCH_CHAR_VAL,VERSION) values ('ARFBC000                      ','TX_S_SGP',to_date('01-JAN-01 00.00.00','DD-MON-RR HH24.MI.SS'),' ','EXEMPT-E        ',' ',' ',' ',' ',' ',' ',1);
Insert into CI_PRICEITEM_CHAR (PRICEITEM_CD,CHAR_TYPE_CD,EFFDT,ADHOC_CHAR_VAL,CHAR_VAL,CHAR_VAL_FK1,CHAR_VAL_FK2,CHAR_VAL_FK3,CHAR_VAL_FK4,CHAR_VAL_FK5,SRCH_CHAR_VAL,VERSION) values ('ARFBC000                      ','TX_S_UK ',to_date('01-JAN-01 00.00.00','DD-MON-RR HH24.MI.SS'),' ','EXEMPT-E        ',' ',' ',' ',' ',' ',' ',1);
Insert into CI_PRICEITEM_CHAR (PRICEITEM_CD,CHAR_TYPE_CD,EFFDT,ADHOC_CHAR_VAL,CHAR_VAL,CHAR_VAL_FK1,CHAR_VAL_FK2,CHAR_VAL_FK3,CHAR_VAL_FK4,CHAR_VAL_FK5,SRCH_CHAR_VAL,VERSION) values ('ARFBC000                      ','TX_S_ZRT',to_date('01-JAN-01 00.00.00','DD-MON-RR HH24.MI.SS'),' ','ZERO-Z          ',' ',' ',' ',' ',' ',' ',1);
Insert into CI_PRICEITEM_CHAR (PRICEITEM_CD,CHAR_TYPE_CD,EFFDT,ADHOC_CHAR_VAL,CHAR_VAL,CHAR_VAL_FK1,CHAR_VAL_FK2,CHAR_VAL_FK3,CHAR_VAL_FK4,CHAR_VAL_FK5,SRCH_CHAR_VAL,VERSION) values ('ARFBC000                      ','TX_S_ZTF',to_date('01-JAN-01 00.00.00','DD-MON-RR HH24.MI.SS'),' ','ZERO TARIFF-Z   ',' ',' ',' ',' ',' ',' ',1);
Insert into CI_PRICEITEM_CHAR (PRICEITEM_CD,CHAR_TYPE_CD,EFFDT,ADHOC_CHAR_VAL,CHAR_VAL,CHAR_VAL_FK1,CHAR_VAL_FK2,CHAR_VAL_FK3,CHAR_VAL_FK4,CHAR_VAL_FK5,SRCH_CHAR_VAL,VERSION) values ('PPVCDC03                      ','CARDSEQ ',to_date('01-JAN-01 00.00.00','DD-MON-RR HH24.MI.SS'),'1830','                ',' ',' ',' ',' ',' ',' ',1);
Insert into CI_PRICEITEM_CHAR (PRICEITEM_CD,CHAR_TYPE_CD,EFFDT,ADHOC_CHAR_VAL,CHAR_VAL,CHAR_VAL_FK1,CHAR_VAL_FK2,CHAR_VAL_FK3,CHAR_VAL_FK4,CHAR_VAL_FK5,SRCH_CHAR_VAL,VERSION) values ('PPVCDC03                      ','CHANNEL ',to_date('01-JAN-01 00.00.00','DD-MON-RR HH24.MI.SS'),' ','N/A             ',' ',' ',' ',' ',' ',' ',1);
Insert into CI_PRICEITEM_CHAR (PRICEITEM_CD,CHAR_TYPE_CD,EFFDT,ADHOC_CHAR_VAL,CHAR_VAL,CHAR_VAL_FK1,CHAR_VAL_FK2,CHAR_VAL_FK3,CHAR_VAL_FK4,CHAR_VAL_FK5,SRCH_CHAR_VAL,VERSION) values ('PPVCDC03                      ','CLASS   ',to_date('01-JAN-01 00.00.00','DD-MON-RR HH24.MI.SS'),' ','PREMIUM         ',' ',' ',' ',' ',' ',' ',1);
Insert into CI_PRICEITEM_CHAR (PRICEITEM_CD,CHAR_TYPE_CD,EFFDT,ADHOC_CHAR_VAL,CHAR_VAL,CHAR_VAL_FK1,CHAR_VAL_FK2,CHAR_VAL_FK3,CHAR_VAL_FK4,CHAR_VAL_FK5,SRCH_CHAR_VAL,VERSION) values ('PPVCDC03                      ','CR_DR   ',to_date('01-JAN-01 00.00.00','DD-MON-RR HH24.MI.SS'),' ','DR              ',' ',' ',' ',' ',' ',' ',1);
Insert into CI_PRICEITEM_CHAR (PRICEITEM_CD,CHAR_TYPE_CD,EFFDT,ADHOC_CHAR_VAL,CHAR_VAL,CHAR_VAL_FK1,CHAR_VAL_FK2,CHAR_VAL_FK3,CHAR_VAL_FK4,CHAR_VAL_FK5,SRCH_CHAR_VAL,VERSION) values ('PPVCDC03                      ','L0      ',to_date('01-JAN-01 00.00.00','DD-MON-RR HH24.MI.SS'),' ','PPVCDC03        ',' ',' ',' ',' ',' ',' ',1);
Insert into CI_PRICEITEM_CHAR (PRICEITEM_CD,CHAR_TYPE_CD,EFFDT,ADHOC_CHAR_VAL,CHAR_VAL,CHAR_VAL_FK1,CHAR_VAL_FK2,CHAR_VAL_FK3,CHAR_VAL_FK4,CHAR_VAL_FK5,SRCH_CHAR_VAL,VERSION) values ('PPVCDC03                      ','L1      ',to_date('01-JAN-01 00.00.00','DD-MON-RR HH24.MI.SS'),' ','L1VISA          ',' ',' ',' ',' ',' ',' ',1);
Insert into CI_PRICEITEM_CHAR (PRICEITEM_CD,CHAR_TYPE_CD,EFFDT,ADHOC_CHAR_VAL,CHAR_VAL,CHAR_VAL_FK1,CHAR_VAL_FK2,CHAR_VAL_FK3,CHAR_VAL_FK4,CHAR_VAL_FK5,SRCH_CHAR_VAL,VERSION) values ('PPVCDC03                      ','L2      ',to_date('01-JAN-01 00.00.00','DD-MON-RR HH24.MI.SS'),' ','L2MGSTPC        ',' ',' ',' ',' ',' ',' ',1);
Insert into CI_PRICEITEM_CHAR (PRICEITEM_CD,CHAR_TYPE_CD,EFFDT,ADHOC_CHAR_VAL,CHAR_VAL,CHAR_VAL_FK1,CHAR_VAL_FK2,CHAR_VAL_FK3,CHAR_VAL_FK4,CHAR_VAL_FK5,SRCH_CHAR_VAL,VERSION) values ('PPVCDC03                      ','L3      ',to_date('01-JAN-01 00.00.00','DD-MON-RR HH24.MI.SS'),' ','L3PRMPR         ',' ',' ',' ',' ',' ',' ',1);
Insert into CI_PRICEITEM_CHAR (PRICEITEM_CD,CHAR_TYPE_CD,EFFDT,ADHOC_CHAR_VAL,CHAR_VAL,CHAR_VAL_FK1,CHAR_VAL_FK2,CHAR_VAL_FK3,CHAR_VAL_FK4,CHAR_VAL_FK5,SRCH_CHAR_VAL,VERSION) values ('PPVCDC03                      ','L4      ',to_date('01-JAN-01 00.00.00','DD-MON-RR HH24.MI.SS'),' ','N/A             ',' ',' ',' ',' ',' ',' ',1);
Insert into CI_PRICEITEM_CHAR (PRICEITEM_CD,CHAR_TYPE_CD,EFFDT,ADHOC_CHAR_VAL,CHAR_VAL,CHAR_VAL_FK1,CHAR_VAL_FK2,CHAR_VAL_FK3,CHAR_VAL_FK4,CHAR_VAL_FK5,SRCH_CHAR_VAL,VERSION) values ('PPVCDC03                      ','L5      ',to_date('01-JAN-01 00.00.00','DD-MON-RR HH24.MI.SS'),' ','N/A             ',' ',' ',' ',' ',' ',' ',1);
Insert into CI_PRICEITEM_CHAR (PRICEITEM_CD,CHAR_TYPE_CD,EFFDT,ADHOC_CHAR_VAL,CHAR_VAL,CHAR_VAL_FK1,CHAR_VAL_FK2,CHAR_VAL_FK3,CHAR_VAL_FK4,CHAR_VAL_FK5,SRCH_CHAR_VAL,VERSION) values ('PPVCDC03                      ','OV_DSTCD',to_date('01-JAN-01 00.00.00','DD-MON-RR HH24.MI.SS'),'MSC','                ',' ',' ',' ',' ',' ',' ',1);
Insert into CI_PRICEITEM_CHAR (PRICEITEM_CD,CHAR_TYPE_CD,EFFDT,ADHOC_CHAR_VAL,CHAR_VAL,CHAR_VAL_FK1,CHAR_VAL_FK2,CHAR_VAL_FK3,CHAR_VAL_FK4,CHAR_VAL_FK5,SRCH_CHAR_VAL,VERSION) values ('PPVCDC03                      ','RATE_FLG',to_date('01-JAN-00 00.00.00','DD-MON-RR HH24.MI.SS'),' ','Y               ',' ',' ',' ',' ',' ','Y',1);
Insert into CI_PRICEITEM_CHAR (PRICEITEM_CD,CHAR_TYPE_CD,EFFDT,ADHOC_CHAR_VAL,CHAR_VAL,CHAR_VAL_FK1,CHAR_VAL_FK2,CHAR_VAL_FK3,CHAR_VAL_FK4,CHAR_VAL_FK5,SRCH_CHAR_VAL,VERSION) values ('PPVCDC03                      ','RESPONSE',to_date('01-JAN-01 00.00.00','DD-MON-RR HH24.MI.SS'),' ','N/A             ',' ',' ',' ',' ',' ',' ',1);
Insert into CI_PRICEITEM_CHAR (PRICEITEM_CD,CHAR_TYPE_CD,EFFDT,ADHOC_CHAR_VAL,CHAR_VAL,CHAR_VAL_FK1,CHAR_VAL_FK2,CHAR_VAL_FK3,CHAR_VAL_FK4,CHAR_VAL_FK5,SRCH_CHAR_VAL,VERSION) values ('PPVCDC03                      ','SCHEME  ',to_date('01-JAN-01 00.00.00','DD-MON-RR HH24.MI.SS'),' ','VI              ',' ',' ',' ',' ',' ',' ',1);
Insert into CI_PRICEITEM_CHAR (PRICEITEM_CD,CHAR_TYPE_CD,EFFDT,ADHOC_CHAR_VAL,CHAR_VAL,CHAR_VAL_FK1,CHAR_VAL_FK2,CHAR_VAL_FK3,CHAR_VAL_FK4,CHAR_VAL_FK5,SRCH_CHAR_VAL,VERSION) values ('PPVCDC03                      ','SCLASS  ',to_date('01-JAN-01 00.00.00','DD-MON-RR HH24.MI.SS'),' ','CAPTURE_METHOD  ',' ',' ',' ',' ',' ',' ',1);
Insert into CI_PRICEITEM_CHAR (PRICEITEM_CD,CHAR_TYPE_CD,EFFDT,ADHOC_CHAR_VAL,CHAR_VAL,CHAR_VAL_FK1,CHAR_VAL_FK2,CHAR_VAL_FK3,CHAR_VAL_FK4,CHAR_VAL_FK5,SRCH_CHAR_VAL,VERSION) values ('PPVCDC03                      ','SINVOICE',to_date('01-JAN-01 00.00.00','DD-MON-RR HH24.MI.SS'),' ','VDP_MAG_STRP    ',' ',' ',' ',' ',' ',' ',1);
Insert into CI_PRICEITEM_CHAR (PRICEITEM_CD,CHAR_TYPE_CD,EFFDT,ADHOC_CHAR_VAL,CHAR_VAL,CHAR_VAL_FK1,CHAR_VAL_FK2,CHAR_VAL_FK3,CHAR_VAL_FK4,CHAR_VAL_FK5,SRCH_CHAR_VAL,VERSION) values ('PPVCDC03                      ','TTYPE   ',to_date('01-JAN-01 00.00.00','DD-MON-RR HH24.MI.SS'),' ','PURCHASE        ',' ',' ',' ',' ',' ',' ',1);
Insert into CI_PRICEITEM_CHAR (PRICEITEM_CD,CHAR_TYPE_CD,EFFDT,ADHOC_CHAR_VAL,CHAR_VAL,CHAR_VAL_FK1,CHAR_VAL_FK2,CHAR_VAL_FK3,CHAR_VAL_FK4,CHAR_VAL_FK5,SRCH_CHAR_VAL,VERSION) values ('PPVCDC03                      ','TX_S_ATO',to_date('01-JAN-01 00.00.00','DD-MON-RR HH24.MI.SS'),' ','GST STD-S       ',' ',' ',' ',' ',' ',' ',1);
Insert into CI_PRICEITEM_CHAR (PRICEITEM_CD,CHAR_TYPE_CD,EFFDT,ADHOC_CHAR_VAL,CHAR_VAL,CHAR_VAL_FK1,CHAR_VAL_FK2,CHAR_VAL_FK3,CHAR_VAL_FK4,CHAR_VAL_FK5,SRCH_CHAR_VAL,VERSION) values ('PPVCDC03                      ','TX_S_CAN',to_date('01-JAN-01 00.00.00','DD-MON-RR HH24.MI.SS'),' ','GST ZERO-Z      ',' ',' ',' ',' ',' ',' ',1);
Insert into CI_PRICEITEM_CHAR (PRICEITEM_CD,CHAR_TYPE_CD,EFFDT,ADHOC_CHAR_VAL,CHAR_VAL,CHAR_VAL_FK1,CHAR_VAL_FK2,CHAR_VAL_FK3,CHAR_VAL_FK4,CHAR_VAL_FK5,SRCH_CHAR_VAL,VERSION) values ('PPVCDC03                      ','TX_S_CAN',to_date('02-JAN-01 00.00.00','DD-MON-RR HH24.MI.SS'),' ','QST ZERO-Z      ',' ',' ',' ',' ',' ',' ',1);
Insert into CI_PRICEITEM_CHAR (PRICEITEM_CD,CHAR_TYPE_CD,EFFDT,ADHOC_CHAR_VAL,CHAR_VAL,CHAR_VAL_FK1,CHAR_VAL_FK2,CHAR_VAL_FK3,CHAR_VAL_FK4,CHAR_VAL_FK5,SRCH_CHAR_VAL,VERSION) values ('PPVCDC03                      ','TX_S_HK ',to_date('01-JAN-01 00.00.00','DD-MON-RR HH24.MI.SS'),' ','OUT OF SCOPE-O  ',' ',' ',' ',' ',' ',' ',1);
Insert into CI_PRICEITEM_CHAR (PRICEITEM_CD,CHAR_TYPE_CD,EFFDT,ADHOC_CHAR_VAL,CHAR_VAL,CHAR_VAL_FK1,CHAR_VAL_FK2,CHAR_VAL_FK3,CHAR_VAL_FK4,CHAR_VAL_FK5,SRCH_CHAR_VAL,VERSION) values ('PPVCDC03                      ','TX_S_IND',to_date('01-JAN-01 00.00.00','DD-MON-RR HH24.MI.SS'),' ','IST SERVICE-S   ',' ',' ',' ',' ',' ',' ',1);
Insert into CI_PRICEITEM_CHAR (PRICEITEM_CD,CHAR_TYPE_CD,EFFDT,ADHOC_CHAR_VAL,CHAR_VAL,CHAR_VAL_FK1,CHAR_VAL_FK2,CHAR_VAL_FK3,CHAR_VAL_FK4,CHAR_VAL_FK5,SRCH_CHAR_VAL,VERSION) values ('PPVCDC03                      ','TX_S_KK ',to_date('01-JAN-01 00.00.00','DD-MON-RR HH24.MI.SS'),' ','JCT STD-S       ',' ',' ',' ',' ',' ',' ',1);
Insert into CI_PRICEITEM_CHAR (PRICEITEM_CD,CHAR_TYPE_CD,EFFDT,ADHOC_CHAR_VAL,CHAR_VAL,CHAR_VAL_FK1,CHAR_VAL_FK2,CHAR_VAL_FK3,CHAR_VAL_FK4,CHAR_VAL_FK5,SRCH_CHAR_VAL,VERSION) values ('PPVCDC03                      ','TX_S_NL ',to_date('01-JAN-01 00.00.00','DD-MON-RR HH24.MI.SS'),' ','STANDARD-S      ',' ',' ',' ',' ',' ',' ',1);
Insert into CI_PRICEITEM_CHAR (PRICEITEM_CD,CHAR_TYPE_CD,EFFDT,ADHOC_CHAR_VAL,CHAR_VAL,CHAR_VAL_FK1,CHAR_VAL_FK2,CHAR_VAL_FK3,CHAR_VAL_FK4,CHAR_VAL_FK5,SRCH_CHAR_VAL,VERSION) values ('PPVCDC03                      ','TX_S_NZ ',to_date('01-JAN-01 00.00.00','DD-MON-RR HH24.MI.SS'),' ','GST ZERO-Z      ',' ',' ',' ',' ',' ',' ',1);
Insert into CI_PRICEITEM_CHAR (PRICEITEM_CD,CHAR_TYPE_CD,EFFDT,ADHOC_CHAR_VAL,CHAR_VAL,CHAR_VAL_FK1,CHAR_VAL_FK2,CHAR_VAL_FK3,CHAR_VAL_FK4,CHAR_VAL_FK5,SRCH_CHAR_VAL,VERSION) values ('PPVCDC03                      ','TX_S_OOS',to_date('01-JAN-01 00.00.00','DD-MON-RR HH24.MI.SS'),' ','OUT OF SCOPE-O  ',' ',' ',' ',' ',' ',' ',1);
Insert into CI_PRICEITEM_CHAR (PRICEITEM_CD,CHAR_TYPE_CD,EFFDT,ADHOC_CHAR_VAL,CHAR_VAL,CHAR_VAL_FK1,CHAR_VAL_FK2,CHAR_VAL_FK3,CHAR_VAL_FK4,CHAR_VAL_FK5,SRCH_CHAR_VAL,VERSION) values ('PPVCDC03                      ','TX_S_ROI',to_date('01-JAN-01 00.00.00','DD-MON-RR HH24.MI.SS'),' ','EXEMPT-E        ',' ',' ',' ',' ',' ',' ',1);
Insert into CI_PRICEITEM_CHAR (PRICEITEM_CD,CHAR_TYPE_CD,EFFDT,ADHOC_CHAR_VAL,CHAR_VAL,CHAR_VAL_FK1,CHAR_VAL_FK2,CHAR_VAL_FK3,CHAR_VAL_FK4,CHAR_VAL_FK5,SRCH_CHAR_VAL,VERSION) values ('PPVCDC03                      ','TX_S_SGP',to_date('01-JAN-01 00.00.00','DD-MON-RR HH24.MI.SS'),' ','EXEMPT-E        ',' ',' ',' ',' ',' ',' ',1);
Insert into CI_PRICEITEM_CHAR (PRICEITEM_CD,CHAR_TYPE_CD,EFFDT,ADHOC_CHAR_VAL,CHAR_VAL,CHAR_VAL_FK1,CHAR_VAL_FK2,CHAR_VAL_FK3,CHAR_VAL_FK4,CHAR_VAL_FK5,SRCH_CHAR_VAL,VERSION) values ('PPVCDC03                      ','TX_S_UK ',to_date('01-JAN-01 00.00.00','DD-MON-RR HH24.MI.SS'),' ','EXEMPT-E        ',' ',' ',' ',' ',' ',' ',1);
Insert into CI_PRICEITEM_CHAR (PRICEITEM_CD,CHAR_TYPE_CD,EFFDT,ADHOC_CHAR_VAL,CHAR_VAL,CHAR_VAL_FK1,CHAR_VAL_FK2,CHAR_VAL_FK3,CHAR_VAL_FK4,CHAR_VAL_FK5,SRCH_CHAR_VAL,VERSION) values ('PPVCDC03                      ','TX_S_ZRT',to_date('01-JAN-01 00.00.00','DD-MON-RR HH24.MI.SS'),' ','ZERO-Z          ',' ',' ',' ',' ',' ',' ',1);
Insert into CI_PRICEITEM_CHAR (PRICEITEM_CD,CHAR_TYPE_CD,EFFDT,ADHOC_CHAR_VAL,CHAR_VAL,CHAR_VAL_FK1,CHAR_VAL_FK2,CHAR_VAL_FK3,CHAR_VAL_FK4,CHAR_VAL_FK5,SRCH_CHAR_VAL,VERSION) values ('PPVCDC03                      ','TX_S_ZTF',to_date('01-JAN-01 00.00.00','DD-MON-RR HH24.MI.SS'),' ','ZERO TARIFF-Z   ',' ',' ',' ',' ',' ',' ',1);
Insert into CI_PRICEITEM_CHAR (PRICEITEM_CD,CHAR_TYPE_CD,EFFDT,ADHOC_CHAR_VAL,CHAR_VAL,CHAR_VAL_FK1,CHAR_VAL_FK2,CHAR_VAL_FK3,CHAR_VAL_FK4,CHAR_VAL_FK5,SRCH_CHAR_VAL,VERSION) values ('PPVCDC05                      ','CARDSEQ ',to_date('01-JAN-01 00.00.00','DD-MON-RR HH24.MI.SS'),'1840','                ',' ',' ',' ',' ',' ',' ',1);
Insert into CI_PRICEITEM_CHAR (PRICEITEM_CD,CHAR_TYPE_CD,EFFDT,ADHOC_CHAR_VAL,CHAR_VAL,CHAR_VAL_FK1,CHAR_VAL_FK2,CHAR_VAL_FK3,CHAR_VAL_FK4,CHAR_VAL_FK5,SRCH_CHAR_VAL,VERSION) values ('PPVCDC05                      ','CHANNEL ',to_date('01-JAN-01 00.00.00','DD-MON-RR HH24.MI.SS'),' ','N/A             ',' ',' ',' ',' ',' ',' ',1);
Insert into CI_PRICEITEM_CHAR (PRICEITEM_CD,CHAR_TYPE_CD,EFFDT,ADHOC_CHAR_VAL,CHAR_VAL,CHAR_VAL_FK1,CHAR_VAL_FK2,CHAR_VAL_FK3,CHAR_VAL_FK4,CHAR_VAL_FK5,SRCH_CHAR_VAL,VERSION) values ('PPVCDC05                      ','CLASS   ',to_date('01-JAN-01 00.00.00','DD-MON-RR HH24.MI.SS'),' ','PREMIUM         ',' ',' ',' ',' ',' ',' ',1);
Insert into CI_PRICEITEM_CHAR (PRICEITEM_CD,CHAR_TYPE_CD,EFFDT,ADHOC_CHAR_VAL,CHAR_VAL,CHAR_VAL_FK1,CHAR_VAL_FK2,CHAR_VAL_FK3,CHAR_VAL_FK4,CHAR_VAL_FK5,SRCH_CHAR_VAL,VERSION) values ('PPVCDC05                      ','CR_DR   ',to_date('01-JAN-01 00.00.00','DD-MON-RR HH24.MI.SS'),' ','DR              ',' ',' ',' ',' ',' ',' ',1);
Insert into CI_PRICEITEM_CHAR (PRICEITEM_CD,CHAR_TYPE_CD,EFFDT,ADHOC_CHAR_VAL,CHAR_VAL,CHAR_VAL_FK1,CHAR_VAL_FK2,CHAR_VAL_FK3,CHAR_VAL_FK4,CHAR_VAL_FK5,SRCH_CHAR_VAL,VERSION) values ('PPVCDC05                      ','L0      ',to_date('01-JAN-01 00.00.00','DD-MON-RR HH24.MI.SS'),' ','PPVCDC05        ',' ',' ',' ',' ',' ',' ',1);
Insert into CI_PRICEITEM_CHAR (PRICEITEM_CD,CHAR_TYPE_CD,EFFDT,ADHOC_CHAR_VAL,CHAR_VAL,CHAR_VAL_FK1,CHAR_VAL_FK2,CHAR_VAL_FK3,CHAR_VAL_FK4,CHAR_VAL_FK5,SRCH_CHAR_VAL,VERSION) values ('PPVCDC05                      ','L1      ',to_date('01-JAN-01 00.00.00','DD-MON-RR HH24.MI.SS'),' ','L1VISA          ',' ',' ',' ',' ',' ',' ',1);
Insert into CI_PRICEITEM_CHAR (PRICEITEM_CD,CHAR_TYPE_CD,EFFDT,ADHOC_CHAR_VAL,CHAR_VAL,CHAR_VAL_FK1,CHAR_VAL_FK2,CHAR_VAL_FK3,CHAR_VAL_FK4,CHAR_VAL_FK5,SRCH_CHAR_VAL,VERSION) values ('PPVCDC05                      ','L2      ',to_date('01-JAN-01 00.00.00','DD-MON-RR HH24.MI.SS'),' ','L2MTONSD        ',' ',' ',' ',' ',' ',' ',1);
Insert into CI_PRICEITEM_CHAR (PRICEITEM_CD,CHAR_TYPE_CD,EFFDT,ADHOC_CHAR_VAL,CHAR_VAL,CHAR_VAL_FK1,CHAR_VAL_FK2,CHAR_VAL_FK3,CHAR_VAL_FK4,CHAR_VAL_FK5,SRCH_CHAR_VAL,VERSION) values ('PPVCDC05                      ','L3      ',to_date('01-JAN-01 00.00.00','DD-MON-RR HH24.MI.SS'),' ','L3PRMPR         ',' ',' ',' ',' ',' ',' ',1);
Insert into CI_PRICEITEM_CHAR (PRICEITEM_CD,CHAR_TYPE_CD,EFFDT,ADHOC_CHAR_VAL,CHAR_VAL,CHAR_VAL_FK1,CHAR_VAL_FK2,CHAR_VAL_FK3,CHAR_VAL_FK4,CHAR_VAL_FK5,SRCH_CHAR_VAL,VERSION) values ('PPVCDC05                      ','L4      ',to_date('01-JAN-01 00.00.00','DD-MON-RR HH24.MI.SS'),' ','N/A             ',' ',' ',' ',' ',' ',' ',1);
Insert into CI_PRICEITEM_CHAR (PRICEITEM_CD,CHAR_TYPE_CD,EFFDT,ADHOC_CHAR_VAL,CHAR_VAL,CHAR_VAL_FK1,CHAR_VAL_FK2,CHAR_VAL_FK3,CHAR_VAL_FK4,CHAR_VAL_FK5,SRCH_CHAR_VAL,VERSION) values ('PPVCDC05                      ','L5      ',to_date('01-JAN-01 00.00.00','DD-MON-RR HH24.MI.SS'),' ','N/A             ',' ',' ',' ',' ',' ',' ',1);
Insert into CI_PRICEITEM_CHAR (PRICEITEM_CD,CHAR_TYPE_CD,EFFDT,ADHOC_CHAR_VAL,CHAR_VAL,CHAR_VAL_FK1,CHAR_VAL_FK2,CHAR_VAL_FK3,CHAR_VAL_FK4,CHAR_VAL_FK5,SRCH_CHAR_VAL,VERSION) values ('PPVCDC05                      ','OV_DSTCD',to_date('01-JAN-01 00.00.00','DD-MON-RR HH24.MI.SS'),'MSC','                ',' ',' ',' ',' ',' ',' ',1);
Insert into CI_PRICEITEM_CHAR (PRICEITEM_CD,CHAR_TYPE_CD,EFFDT,ADHOC_CHAR_VAL,CHAR_VAL,CHAR_VAL_FK1,CHAR_VAL_FK2,CHAR_VAL_FK3,CHAR_VAL_FK4,CHAR_VAL_FK5,SRCH_CHAR_VAL,VERSION) values ('PPVCDC05                      ','RATE_FLG',to_date('01-JAN-00 00.00.00','DD-MON-RR HH24.MI.SS'),' ','Y               ',' ',' ',' ',' ',' ','Y',1);
Insert into CI_PRICEITEM_CHAR (PRICEITEM_CD,CHAR_TYPE_CD,EFFDT,ADHOC_CHAR_VAL,CHAR_VAL,CHAR_VAL_FK1,CHAR_VAL_FK2,CHAR_VAL_FK3,CHAR_VAL_FK4,CHAR_VAL_FK5,SRCH_CHAR_VAL,VERSION) values ('PPVCDC05                      ','RESPONSE',to_date('01-JAN-01 00.00.00','DD-MON-RR HH24.MI.SS'),' ','N/A             ',' ',' ',' ',' ',' ',' ',1);
Insert into CI_PRICEITEM_CHAR (PRICEITEM_CD,CHAR_TYPE_CD,EFFDT,ADHOC_CHAR_VAL,CHAR_VAL,CHAR_VAL_FK1,CHAR_VAL_FK2,CHAR_VAL_FK3,CHAR_VAL_FK4,CHAR_VAL_FK5,SRCH_CHAR_VAL,VERSION) values ('PPVCDC05                      ','SCHEME  ',to_date('01-JAN-01 00.00.00','DD-MON-RR HH24.MI.SS'),' ','VI              ',' ',' ',' ',' ',' ',' ',1);
Insert into CI_PRICEITEM_CHAR (PRICEITEM_CD,CHAR_TYPE_CD,EFFDT,ADHOC_CHAR_VAL,CHAR_VAL,CHAR_VAL_FK1,CHAR_VAL_FK2,CHAR_VAL_FK3,CHAR_VAL_FK4,CHAR_VAL_FK5,SRCH_CHAR_VAL,VERSION) values ('PPVCDC05                      ','SCLASS  ',to_date('01-JAN-01 00.00.00','DD-MON-RR HH24.MI.SS'),' ','CAPTURE_METHOD  ',' ',' ',' ',' ',' ',' ',1);
Insert into CI_PRICEITEM_CHAR (PRICEITEM_CD,CHAR_TYPE_CD,EFFDT,ADHOC_CHAR_VAL,CHAR_VAL,CHAR_VAL_FK1,CHAR_VAL_FK2,CHAR_VAL_FK3,CHAR_VAL_FK4,CHAR_VAL_FK5,SRCH_CHAR_VAL,VERSION) values ('PPVCDC05                      ','SINVOICE',to_date('01-JAN-01 00.00.00','DD-MON-RR HH24.MI.SS'),' ','VDP_CNP         ',' ',' ',' ',' ',' ',' ',1);
Insert into CI_PRICEITEM_CHAR (PRICEITEM_CD,CHAR_TYPE_CD,EFFDT,ADHOC_CHAR_VAL,CHAR_VAL,CHAR_VAL_FK1,CHAR_VAL_FK2,CHAR_VAL_FK3,CHAR_VAL_FK4,CHAR_VAL_FK5,SRCH_CHAR_VAL,VERSION) values ('PPVCDC05                      ','TTYPE   ',to_date('01-JAN-01 00.00.00','DD-MON-RR HH24.MI.SS'),' ','PURCHASE        ',' ',' ',' ',' ',' ',' ',1);
Insert into CI_PRICEITEM_CHAR (PRICEITEM_CD,CHAR_TYPE_CD,EFFDT,ADHOC_CHAR_VAL,CHAR_VAL,CHAR_VAL_FK1,CHAR_VAL_FK2,CHAR_VAL_FK3,CHAR_VAL_FK4,CHAR_VAL_FK5,SRCH_CHAR_VAL,VERSION) values ('PPVCDC05                      ','TX_S_ATO',to_date('01-JAN-01 00.00.00','DD-MON-RR HH24.MI.SS'),' ','GST STD-S       ',' ',' ',' ',' ',' ',' ',1);
Insert into CI_PRICEITEM_CHAR (PRICEITEM_CD,CHAR_TYPE_CD,EFFDT,ADHOC_CHAR_VAL,CHAR_VAL,CHAR_VAL_FK1,CHAR_VAL_FK2,CHAR_VAL_FK3,CHAR_VAL_FK4,CHAR_VAL_FK5,SRCH_CHAR_VAL,VERSION) values ('PPVCDC05                      ','TX_S_CAN',to_date('01-JAN-01 00.00.00','DD-MON-RR HH24.MI.SS'),' ','GST ZERO-Z      ',' ',' ',' ',' ',' ',' ',1);
Insert into CI_PRICEITEM_CHAR (PRICEITEM_CD,CHAR_TYPE_CD,EFFDT,ADHOC_CHAR_VAL,CHAR_VAL,CHAR_VAL_FK1,CHAR_VAL_FK2,CHAR_VAL_FK3,CHAR_VAL_FK4,CHAR_VAL_FK5,SRCH_CHAR_VAL,VERSION) values ('PPVCDC05                      ','TX_S_CAN',to_date('02-JAN-01 00.00.00','DD-MON-RR HH24.MI.SS'),' ','QST ZERO-Z      ',' ',' ',' ',' ',' ',' ',1);
Insert into CI_PRICEITEM_CHAR (PRICEITEM_CD,CHAR_TYPE_CD,EFFDT,ADHOC_CHAR_VAL,CHAR_VAL,CHAR_VAL_FK1,CHAR_VAL_FK2,CHAR_VAL_FK3,CHAR_VAL_FK4,CHAR_VAL_FK5,SRCH_CHAR_VAL,VERSION) values ('PPVCDC05                      ','TX_S_HK ',to_date('01-JAN-01 00.00.00','DD-MON-RR HH24.MI.SS'),' ','OUT OF SCOPE-O  ',' ',' ',' ',' ',' ',' ',1);
Insert into CI_PRICEITEM_CHAR (PRICEITEM_CD,CHAR_TYPE_CD,EFFDT,ADHOC_CHAR_VAL,CHAR_VAL,CHAR_VAL_FK1,CHAR_VAL_FK2,CHAR_VAL_FK3,CHAR_VAL_FK4,CHAR_VAL_FK5,SRCH_CHAR_VAL,VERSION) values ('PPVCDC05                      ','TX_S_IND',to_date('01-JAN-01 00.00.00','DD-MON-RR HH24.MI.SS'),' ','IST SERVICE-S   ',' ',' ',' ',' ',' ',' ',1);
Insert into CI_PRICEITEM_CHAR (PRICEITEM_CD,CHAR_TYPE_CD,EFFDT,ADHOC_CHAR_VAL,CHAR_VAL,CHAR_VAL_FK1,CHAR_VAL_FK2,CHAR_VAL_FK3,CHAR_VAL_FK4,CHAR_VAL_FK5,SRCH_CHAR_VAL,VERSION) values ('PPVCDC05                      ','TX_S_KK ',to_date('01-JAN-01 00.00.00','DD-MON-RR HH24.MI.SS'),' ','JCT STD-S       ',' ',' ',' ',' ',' ',' ',1);
Insert into CI_PRICEITEM_CHAR (PRICEITEM_CD,CHAR_TYPE_CD,EFFDT,ADHOC_CHAR_VAL,CHAR_VAL,CHAR_VAL_FK1,CHAR_VAL_FK2,CHAR_VAL_FK3,CHAR_VAL_FK4,CHAR_VAL_FK5,SRCH_CHAR_VAL,VERSION) values ('PPVCDC05                      ','TX_S_NL ',to_date('01-JAN-01 00.00.00','DD-MON-RR HH24.MI.SS'),' ','STANDARD-S      ',' ',' ',' ',' ',' ',' ',1);
Insert into CI_PRICEITEM_CHAR (PRICEITEM_CD,CHAR_TYPE_CD,EFFDT,ADHOC_CHAR_VAL,CHAR_VAL,CHAR_VAL_FK1,CHAR_VAL_FK2,CHAR_VAL_FK3,CHAR_VAL_FK4,CHAR_VAL_FK5,SRCH_CHAR_VAL,VERSION) values ('PPVCDC05                      ','TX_S_NZ ',to_date('01-JAN-01 00.00.00','DD-MON-RR HH24.MI.SS'),' ','GST ZERO-Z      ',' ',' ',' ',' ',' ',' ',1);
Insert into CI_PRICEITEM_CHAR (PRICEITEM_CD,CHAR_TYPE_CD,EFFDT,ADHOC_CHAR_VAL,CHAR_VAL,CHAR_VAL_FK1,CHAR_VAL_FK2,CHAR_VAL_FK3,CHAR_VAL_FK4,CHAR_VAL_FK5,SRCH_CHAR_VAL,VERSION) values ('PPVCDC05                      ','TX_S_OOS',to_date('01-JAN-01 00.00.00','DD-MON-RR HH24.MI.SS'),' ','OUT OF SCOPE-O  ',' ',' ',' ',' ',' ',' ',1);
Insert into CI_PRICEITEM_CHAR (PRICEITEM_CD,CHAR_TYPE_CD,EFFDT,ADHOC_CHAR_VAL,CHAR_VAL,CHAR_VAL_FK1,CHAR_VAL_FK2,CHAR_VAL_FK3,CHAR_VAL_FK4,CHAR_VAL_FK5,SRCH_CHAR_VAL,VERSION) values ('PPVCDC05                      ','TX_S_ROI',to_date('01-JAN-01 00.00.00','DD-MON-RR HH24.MI.SS'),' ','EXEMPT-E        ',' ',' ',' ',' ',' ',' ',1);
Insert into CI_PRICEITEM_CHAR (PRICEITEM_CD,CHAR_TYPE_CD,EFFDT,ADHOC_CHAR_VAL,CHAR_VAL,CHAR_VAL_FK1,CHAR_VAL_FK2,CHAR_VAL_FK3,CHAR_VAL_FK4,CHAR_VAL_FK5,SRCH_CHAR_VAL,VERSION) values ('PPVCDC05                      ','TX_S_SGP',to_date('01-JAN-01 00.00.00','DD-MON-RR HH24.MI.SS'),' ','EXEMPT-E        ',' ',' ',' ',' ',' ',' ',1);
Insert into CI_PRICEITEM_CHAR (PRICEITEM_CD,CHAR_TYPE_CD,EFFDT,ADHOC_CHAR_VAL,CHAR_VAL,CHAR_VAL_FK1,CHAR_VAL_FK2,CHAR_VAL_FK3,CHAR_VAL_FK4,CHAR_VAL_FK5,SRCH_CHAR_VAL,VERSION) values ('PPVCDC05                      ','TX_S_UK ',to_date('01-JAN-01 00.00.00','DD-MON-RR HH24.MI.SS'),' ','EXEMPT-E        ',' ',' ',' ',' ',' ',' ',1);
Insert into CI_PRICEITEM_CHAR (PRICEITEM_CD,CHAR_TYPE_CD,EFFDT,ADHOC_CHAR_VAL,CHAR_VAL,CHAR_VAL_FK1,CHAR_VAL_FK2,CHAR_VAL_FK3,CHAR_VAL_FK4,CHAR_VAL_FK5,SRCH_CHAR_VAL,VERSION) values ('PPVCDC05                      ','TX_S_ZRT',to_date('01-JAN-01 00.00.00','DD-MON-RR HH24.MI.SS'),' ','ZERO-Z          ',' ',' ',' ',' ',' ',' ',1);
Insert into CI_PRICEITEM_CHAR (PRICEITEM_CD,CHAR_TYPE_CD,EFFDT,ADHOC_CHAR_VAL,CHAR_VAL,CHAR_VAL_FK1,CHAR_VAL_FK2,CHAR_VAL_FK3,CHAR_VAL_FK4,CHAR_VAL_FK5,SRCH_CHAR_VAL,VERSION) values ('PPVCDC05                      ','TX_S_ZTF',to_date('01-JAN-01 00.00.00','DD-MON-RR HH24.MI.SS'),' ','ZERO TARIFF-Z   ',' ',' ',' ',' ',' ',' ',1);